node_id,gateway_id,original_distance_m,optimized_distance_m,original_packets,solution_idx,x,y,SF,TP,lambda,PDR,Energy_mJ,Latency_ms
0.0,0.0,3741.955290481929,0.14,17.0,1.0,729533.25,869013.08,12.0,27.0,5.0,1.0,1.02,6302.0
1.0,0.0,3624.7685956394266,2.38,20.0,1.0,729531.33,869014.26,12.0,27.0,5.0,1.0,1.02,6302.0
2.0,0.0,3672.24028006835,1.2,20.0,1.0,729534.55,869013.31,12.0,27.0,5.0,1.0,1.02,6302.0
3.0,0.0,3571.042416852775,0.58,20.0,1.0,729533.55,869012.49,12.0,27.0,5.0,1.0,1.02,6302.0
4.0,0.0,3527.098085826491,1.67,20.0,1.0,729532.71,869011.52,12.0,27.0,5.0,1.0,1.02,6302.0
5.0,0.0,3542.135395619197,0.44,20.0,1.0,729532.95,869012.96,12.0,27.0,5.0,1.0,1.02,6302.0
6.0,0.0,3529.411060801034,1.2,20.0,31.0,729534.18,869012.15,12.0,27.0,1.0,1.0,0.204,2302.0
7.0,0.0,3819.656330305916,3.22,14.0,1.0,729532.42,869009.97,12.0,27.0,5.0,1.0,1.02,6302.0
9.0,0.0,3893.3627789724846,0.71,20.0,1.0,729532.77,869013.4,12.0,27.0,5.0,1.0,1.02,6302.0
10.0,0.0,3924.1358526450967,2.42,20.0,1.0,729530.99,869012.65,12.0,27.0,5.0,1.0,1.02,6302.0
11.0,0.0,3882.0766149122537,0.92,20.0,1.0,729534.1,869013.63,12.0,27.0,5.0,1.0,1.02,6302.0
13.0,0.0,3562.0279597822223,2.12,20.0,1.0,729534.38,869011.18,12.0,27.0,5.0,1.0,1.02,6302.0
14.0,0.0,3447.840797588913,1.41,20.0,1.0,729533.36,869011.64,12.0,27.0,5.0,1.0,1.02,6302.0
15.0,0.0,3561.6627164025394,0.4,20.0,1.0,729533.07,869012.8,12.0,27.0,5.0,1.0,1.02,6302.0
16.0,0.0,3432.0921856616787,4.79,20.0,1.0,729528.76,869014.28,12.0,27.0,5.0,1.0,1.02,6302.0
17.0,0.0,3372.9030074119723,1.64,15.0,1.0,729534.0,869014.57,12.0,27.0,5.0,1.0,1.02,6302.0
18.0,0.0,3523.8797146660163,1.05,20.0,1.0,729533.68,869014.06,12.0,27.0,5.0,1.0,1.02,6302.0
19.0,0.0,3424.5775909668705,3.15,16.0,1.0,729536.53,869012.94,12.0,27.0,5.0,1.0,1.02,6302.0
20.0,0.0,3421.2067511251107,0.56,20.0,1.0,729533.25,869012.5,12.0,27.0,5.0,1.0,1.02,6302.0
21.0,0.0,3462.090071703565,3.22,20.0,1.0,729532.17,869016.03,12.0,27.0,5.0,1.0,1.02,6302.0
22.0,0.0,3357.144365214765,1.81,20.0,1.0,729531.61,869012.65,12.0,27.0,5.0,1.0,1.02,6302.0
23.0,0.0,3495.3805941716087,0.54,20.0,1.0,729532.86,869013.2,12.0,27.0,5.0,1.0,1.02,6302.0
24.0,0.0,3309.050368013124,2.83,20.0,1.0,729534.79,869015.5,12.0,27.0,5.0,1.0,1.02,6302.0
25.0,0.0,3225.806742029127,3.2,20.0,1.0,729533.39,869016.24,12.0,27.0,5.0,1.0,1.02,6302.0
26.0,0.0,3233.68941506629,2.92,18.0,1.0,729534.0,869015.9,12.0,27.0,5.0,1.0,1.02,6302.0
27.0,0.0,3215.8882761620525,1.61,20.0,1.0,729534.48,869014.23,12.0,27.0,5.0,1.0,1.02,6302.0
28.0,0.0,3366.837885636128,2.78,20.0,1.0,729535.86,869011.79,12.0,27.0,5.0,1.0,1.02,6302.0
29.0,0.0,3409.572785199526,2.3,20.0,1.0,729533.67,869015.33,12.0,27.0,5.0,1.0,1.02,6302.0
30.0,0.0,3295.3218921661,0.13,20.0,1.0,729533.51,869013.02,12.0,27.0,5.0,1.0,1.02,6302.0
31.0,0.0,3294.7008089494607,2.14,20.0,1.0,729534.04,869015.08,12.0,27.0,5.0,1.0,1.02,6302.0
32.0,0.0,3292.082398594161,1.38,20.0,1.0,729532.23,869012.29,12.0,27.0,5.0,1.0,1.02,6302.0
33.0,0.0,3320.0981897416013,1.43,17.0,1.0,729531.96,869012.86,12.0,27.0,5.0,1.0,1.02,6302.0
34.0,0.0,3318.1094988114373,4.6,20.0,1.0,729537.63,869011.3,12.0,27.0,5.0,1.0,1.02,6302.0
35.0,0.0,3423.0073768417283,1.27,20.0,1.0,729532.18,869013.45,12.0,27.0,5.0,1.0,1.02,6302.0
36.0,0.0,3390.459323870931,1.84,20.0,1.0,729534.09,869011.35,12.0,27.0,5.0,1.0,1.02,6302.0
37.0,0.0,3446.6710780144745,1.9,20.0,1.0,729532.54,869014.75,12.0,27.0,5.0,1.0,1.02,6302.0
38.0,0.0,3236.01063375989,0.54,20.0,1.0,729533.15,869012.57,12.0,27.0,5.0,1.0,1.02,6302.0
39.0,0.0,3396.5031127722336,0.61,20.0,1.0,729533.88,869012.68,12.0,27.0,5.0,1.0,1.02,6302.0
40.0,0.0,3310.699473599233,2.06,20.0,1.0,729534.84,869014.51,12.0,27.0,5.0,1.0,1.02,6302.0
41.0,0.0,3344.427983966821,2.25,20.0,1.0,729531.8,869011.44,12.0,27.0,5.0,1.0,1.02,6302.0
42.0,0.0,3376.2041870867465,1.01,20.0,1.0,729533.97,869013.86,12.0,27.0,5.0,1.0,1.02,6302.0
43.0,0.0,3305.903431239335,0.28,20.0,1.0,729533.3,869013.31,12.0,27.0,5.0,1.0,1.02,6302.0
44.0,0.0,3477.1542144702403,1.92,20.0,1.0,729533.6,869014.95,12.0,27.0,5.0,1.0,1.02,6302.0
45.0,0.0,3275.3248203582903,3.14,20.0,1.0,729533.18,869016.18,12.0,27.0,5.0,1.0,1.02,6302.0
46.0,0.0,3554.2891331867486,2.31,20.0,1.0,729535.59,869012.36,12.0,27.0,5.0,1.0,1.02,6302.0
47.0,0.0,3338.767336349716,1.92,20.0,1.0,729534.26,869011.33,12.0,27.0,5.0,1.0,1.02,6302.0
48.0,0.0,3562.6429644729565,1.09,20.0,1.0,729533.29,869014.13,12.0,27.0,5.0,1.0,1.02,6302.0
49.0,0.0,3450.104169925934,4.59,20.0,1.0,729532.85,869008.49,12.0,27.0,5.0,1.0,1.02,6302.0
50.0,0.0,3337.314946456003,0.98,20.0,1.0,729533.99,869012.28,12.0,27.0,5.0,1.0,1.02,6302.0
51.0,0.0,3415.0055400045508,3.13,14.0,1.0,729531.76,869015.72,12.0,27.0,5.0,1.0,1.02,6302.0
52.0,0.0,3661.3760534163625,5.16,18.0,1.0,729538.53,869012.73,12.0,27.0,5.0,1.0,1.02,6302.0
53.0,0.0,3460.4499439373,1.77,20.0,1.0,729531.61,869012.95,12.0,27.0,5.0,1.0,1.02,6302.0
54.0,0.0,3564.034630226862,0.22,20.0,1.0,729533.58,869012.96,12.0,27.0,5.0,1.0,1.02,6302.0
55.0,0.0,3420.321949013151,1.0,20.0,1.0,729533.67,869012.09,12.0,27.0,5.0,1.0,1.02,6302.0
56.0,0.0,3558.9234058806546,0.23,20.0,1.0,729533.23,869013.23,12.0,27.0,5.0,1.0,1.02,6302.0
57.0,0.0,3538.3859437156143,3.67,20.0,1.0,729536.1,869010.58,12.0,27.0,5.0,1.0,1.02,6302.0
58.0,0.0,3564.384235909996,3.25,20.0,1.0,729531.08,869015.33,12.0,27.0,5.0,1.0,1.02,6302.0
59.0,0.0,3640.1001916490586,1.49,20.0,1.0,729533.24,869011.57,12.0,27.0,5.0,1.0,1.02,6302.0
61.0,0.0,3514.807399998005,3.46,20.0,1.0,729530.86,869010.67,12.0,27.0,5.0,1.0,1.02,6302.0
62.0,0.0,3486.4047491629804,2.23,20.0,1.0,729534.71,869014.84,12.0,27.0,5.0,1.0,1.02,6302.0
63.0,0.0,3553.537409207351,0.55,20.0,1.0,729533.4,869013.6,12.0,27.0,5.0,1.0,1.02,6302.0
64.0,0.0,3797.4843053432473,1.52,20.0,1.0,729533.02,869014.52,12.0,27.0,5.0,1.0,1.02,6302.0
65.0,0.0,3763.325795581983,1.15,20.0,1.0,729532.35,869012.54,12.0,27.0,5.0,1.0,1.02,6302.0
66.0,0.0,3792.347239247276,2.9,20.0,1.0,729535.99,869011.76,12.0,27.0,5.0,1.0,1.02,6302.0
67.0,0.0,3758.28251516788,3.29,20.0,1.0,729533.86,869016.3,12.0,27.0,5.0,1.0,1.02,6302.0
68.0,0.0,3772.082704487123,0.38,20.0,1.0,729533.35,869013.42,12.0,27.0,5.0,1.0,1.02,6302.0
69.0,0.0,3633.194717755953,3.03,20.0,1.0,729534.99,869015.62,12.0,27.0,5.0,1.0,1.02,6302.0
70.0,0.0,3815.508776610918,1.4,20.0,1.0,729531.98,869013.02,12.0,27.0,5.0,1.0,1.02,6302.0
71.0,0.0,3813.862339302239,2.72,16.0,1.0,729530.97,869011.79,12.0,27.0,5.0,1.0,1.02,6302.0
72.0,0.0,3876.972603151547,3.47,20.0,1.0,729535.52,869010.32,12.0,27.0,5.0,1.0,1.02,6302.0
73.0,0.0,3829.752929508111,0.82,20.0,1.0,729534.08,869013.47,12.0,27.0,5.0,1.0,1.02,6302.0
74.0,0.0,4015.589984104775,2.27,20.0,1.0,729533.21,869015.31,12.0,27.0,5.0,1.0,1.02,6302.0
75.0,0.0,3864.1186075042338,1.37,20.0,1.0,729532.72,869014.25,12.0,27.0,5.0,1.0,1.02,6302.0
76.0,0.0,3404.161599634815,0.92,20.0,1.0,729533.91,869012.3,12.0,27.0,5.0,1.0,1.02,6302.0
77.0,0.0,3356.08050068739,0.87,20.0,1.0,729533.03,869013.84,12.0,27.0,5.0,1.0,1.02,6302.0
79.0,0.0,3265.777607221467,1.92,20.0,1.0,729532.01,869011.71,12.0,27.0,5.0,1.0,1.02,6302.0
80.0,0.0,3382.9661816588027,1.08,20.0,1.0,729534.44,869013.26,12.0,27.0,5.0,1.0,1.02,6302.0
81.0,0.0,3290.0659026571907,3.27,20.0,1.0,729536.52,869012.11,12.0,27.0,5.0,1.0,1.02,6302.0
82.0,0.0,3224.7691886317048,3.06,20.0,1.0,729533.67,869010.0,12.0,27.0,5.0,1.0,1.02,6302.0
83.0,0.0,3240.2996628233923,1.48,20.0,1.0,729531.91,869013.2,12.0,27.0,5.0,1.0,1.02,6302.0
84.0,0.0,3152.725334888657,2.06,20.0,1.0,729532.51,869014.91,12.0,27.0,5.0,1.0,1.02,6302.0
85.0,0.0,3137.605259869993,1.63,20.0,1.0,729534.7,869014.01,12.0,27.0,5.0,1.0,1.02,6302.0
86.0,0.0,3195.226279338885,1.28,20.0,1.0,729534.66,869013.0,12.0,27.0,5.0,1.0,1.02,6302.0
87.0,0.0,3288.5655599138536,0.11,20.0,1.0,729533.48,869013.09,12.0,27.0,5.0,1.0,1.02,6302.0
88.0,0.0,3074.594672393776,0.4,16.0,1.0,729533.15,869012.73,12.0,27.0,5.0,1.0,1.02,6302.0
89.0,0.0,3183.5476788733868,1.03,16.0,1.0,729533.51,869012.03,12.0,27.0,5.0,1.0,1.02,6302.0
90.0,0.0,3035.744619291566,1.77,16.0,1.0,729533.08,869011.3,12.0,27.0,5.0,1.0,1.02,6302.0
91.0,0.0,3206.988956399374,0.44,20.0,1.0,729533.7,869012.74,12.0,27.0,5.0,1.0,1.02,6302.0
92.0,0.0,2967.960600816741,4.78,20.0,1.0,729534.95,869017.56,12.0,27.0,5.0,1.0,1.02,6302.0
93.0,0.0,3136.8225899211257,3.23,15.0,1.0,729530.2,869013.63,12.0,27.0,5.0,1.0,1.02,6302.0
94.0,0.0,3150.79588326992,0.31,20.0,1.0,729533.09,869013.12,12.0,27.0,5.0,1.0,1.02,6302.0
95.0,0.0,3144.8464387817744,5.06,20.0,1.0,729532.98,869008.01,12.0,27.0,5.0,1.0,1.02,6302.0
96.0,0.0,3069.78695367146,0.34,20.0,1.0,729533.12,869013.27,12.0,27.0,5.0,1.0,1.02,6302.0
97.0,0.0,3026.683130503539,1.54,16.0,1.0,729531.98,869013.69,12.0,27.0,5.0,1.0,1.02,6302.0
98.0,0.0,3154.7413226730496,2.17,20.0,1.0,729535.35,869013.97,12.0,27.0,5.0,1.0,1.02,6302.0
99.0,0.0,3093.546459962195,1.04,20.0,1.0,729534.42,869012.93,12.0,27.0,5.0,1.0,1.02,6302.0
100.0,0.0,2960.229952056612,2.64,20.0,1.0,729530.85,869012.29,12.0,27.0,5.0,1.0,1.02,6302.0
101.0,0.0,3011.77170858893,1.07,20.0,1.0,729532.94,869014.03,12.0,27.0,5.0,1.0,1.02,6302.0
102.0,0.0,3101.917035113522,3.08,20.0,1.0,729530.62,869014.42,12.0,27.0,5.0,1.0,1.02,6302.0
103.0,0.0,3052.020875284875,0.59,20.0,1.0,729533.97,869013.04,12.0,27.0,5.0,1.0,1.02,6302.0
104.0,0.0,3126.659995582077,1.27,18.0,1.0,729532.13,869012.85,12.0,27.0,5.0,1.0,1.02,6302.0
105.0,0.0,3105.570911532511,1.29,20.0,1.0,729533.45,869014.34,12.0,27.0,5.0,1.0,1.02,6302.0
106.0,0.0,3143.430046028173,0.44,20.0,1.0,729533.36,869012.61,12.0,27.0,5.0,1.0,1.02,6302.0
107.0,0.0,3205.2622348470554,1.71,20.0,1.0,729534.91,869012.28,12.0,27.0,5.0,1.0,1.02,6302.0
109.0,0.0,3235.897644850956,1.21,20.0,1.0,729533.69,869011.88,12.0,27.0,5.0,1.0,1.02,6302.0
110.0,0.0,3076.6005412920504,1.31,17.0,1.0,729533.42,869011.74,12.0,27.0,5.0,1.0,1.02,6302.0
111.0,0.0,3261.029646502252,3.53,20.0,1.0,729536.71,869014.23,12.0,27.0,5.0,1.0,1.02,6302.0
112.0,0.0,3337.5968542625287,3.63,20.0,1.0,729536.79,869011.79,12.0,27.0,5.0,1.0,1.02,6302.0
113.0,0.0,3152.727747369008,3.56,20.0,1.0,729536.94,869013.18,12.0,27.0,5.0,1.0,1.02,6302.0
114.0,0.0,3323.319246885128,1.13,20.0,1.0,729534.31,869012.4,12.0,27.0,5.0,1.0,1.02,6302.0
115.0,0.0,3148.587449540681,1.97,20.0,1.0,729535.27,869012.47,12.0,27.0,5.0,1.0,1.02,6302.0
116.0,0.0,3332.573070933522,2.82,20.0,1.0,729530.71,869012.13,12.0,27.0,5.0,1.0,1.02,6302.0
117.0,0.0,3241.7409250577807,1.67,20.0,1.0,729532.56,869011.6,12.0,27.0,5.0,1.0,1.02,6302.0
118.0,0.0,3277.5061405602946,3.16,20.0,1.0,729530.22,869013.03,12.0,27.0,5.0,1.0,1.02,6302.0
119.0,0.0,3255.078670024101,3.19,20.0,1.0,729530.21,869013.38,12.0,27.0,5.0,1.0,1.02,6302.0
120.0,0.0,3241.444446154031,3.59,20.0,1.0,729536.96,869013.31,12.0,27.0,5.0,1.0,1.02,6302.0
121.0,0.0,3321.6396904858584,2.58,20.0,1.0,729533.12,869010.49,12.0,27.0,5.0,1.0,1.02,6302.0
122.0,0.0,3285.131487525064,0.61,20.0,1.0,729532.78,869013.13,12.0,27.0,5.0,1.0,1.02,6302.0
123.0,0.0,3423.1250035050416,0.88,20.0,1.0,729533.32,869013.93,12.0,27.0,5.0,1.0,1.02,6302.0
124.0,0.0,3544.5613700251865,1.99,20.0,1.0,729531.44,869013.49,12.0,27.0,5.0,1.0,1.02,6302.0
125.0,0.0,3489.5489124330247,0.79,20.0,1.0,729534.16,869013.17,12.0,27.0,5.0,1.0,1.02,6302.0
126.0,0.0,3654.76117207035,2.53,20.0,1.0,729535.24,869014.76,12.0,27.0,5.0,1.0,1.02,6302.0
127.0,0.0,3481.940649504729,2.39,20.0,1.0,729535.39,869011.74,12.0,27.0,5.0,1.0,1.02,6302.0
128.0,0.0,3577.952396259207,2.44,20.0,1.0,729535.11,869011.32,12.0,27.0,5.0,1.0,1.02,6302.0
129.0,0.0,3602.7679374512627,2.65,20.0,1.0,729530.81,869013.69,12.0,27.0,5.0,1.0,1.02,6302.0
130.0,0.0,3658.173472747024,4.37,20.0,1.0,729534.3,869017.32,12.0,27.0,5.0,1.0,1.02,6302.0
131.0,0.0,3732.543074467837,1.46,20.0,1.0,729533.26,869014.5,12.0,27.0,5.0,1.0,1.02,6302.0
133.0,0.0,3650.151062275059,3.04,20.0,1.0,729536.38,869013.56,12.0,27.0,5.0,1.0,1.02,6302.0
134.0,0.0,3709.874525596028,3.9,20.0,1.0,729535.7,869016.18,12.0,27.0,5.0,1.0,1.02,6302.0
135.0,0.0,3758.4108497857824,0.16,20.0,1.0,729533.26,869012.95,12.0,27.0,5.0,1.0,1.02,6302.0
136.0,0.0,3755.968164223569,2.01,20.0,1.0,729531.53,869012.28,12.0,27.0,5.0,1.0,1.02,6302.0
137.0,0.0,3259.909269186817,2.44,20.0,1.0,729533.7,869015.47,12.0,27.0,5.0,1.0,1.02,6302.0
138.0,0.0,3233.8361231466283,0.68,20.0,1.0,729533.51,869012.38,12.0,27.0,5.0,1.0,1.02,6302.0
139.0,0.0,3108.3830707900365,2.13,20.0,1.0,729532.28,869011.23,12.0,27.0,5.0,1.0,1.02,6302.0
140.0,0.0,3175.165412969653,2.51,20.0,1.0,729535.87,869012.68,12.0,27.0,5.0,1.0,1.02,6302.0
141.0,0.0,3075.626438915057,1.13,20.0,1.0,729532.64,869013.9,12.0,27.0,5.0,1.0,1.02,6302.0
142.0,0.0,2827.404477787889,3.51,20.0,1.0,729532.87,869016.52,12.0,27.0,5.0,1.0,1.02,6302.0
143.0,0.0,2766.307019295439,3.21,20.0,1.0,729531.16,869010.74,12.0,27.0,5.0,1.0,1.02,6302.0
144.0,0.0,2723.362521827501,2.62,20.0,1.0,729534.15,869015.55,12.0,27.0,5.0,1.0,1.02,6302.0
145.0,0.0,2873.885441682607,2.66,20.0,1.0,729536.03,869013.34,12.0,27.0,5.0,1.0,1.02,6302.0
146.0,0.0,2741.848184500516,0.67,20.0,1.0,729532.86,869013.47,12.0,27.0,5.0,1.0,1.02,6302.0
147.0,0.0,2822.156235999072,0.4,20.0,1.0,729533.26,869012.67,12.0,27.0,5.0,1.0,1.02,6302.0
148.0,0.0,2689.7249864289115,2.79,20.0,1.0,729533.27,869015.84,12.0,27.0,5.0,1.0,1.02,6302.0
149.0,0.0,2641.1009306629835,1.06,15.0,1.0,729533.06,869014.05,12.0,27.0,5.0,1.0,1.02,6302.0
150.0,0.0,2819.741093396357,0.89,20.0,1.0,729532.6,869013.46,12.0,27.0,5.0,1.0,1.02,6302.0
151.0,0.0,2659.416387460485,0.16,16.0,1.0,729533.23,869013.08,12.0,27.0,5.0,1.0,1.02,6302.0
152.0,0.0,2761.195873293036,0.84,20.0,1.0,729532.61,869013.36,12.0,27.0,5.0,1.0,1.02,6302.0
153.0,0.0,2667.725769970879,3.89,20.0,1.0,729529.54,869013.64,12.0,27.0,5.0,1.0,1.02,6302.0
154.0,0.0,2826.0716875162707,0.38,20.0,1.0,729533.16,869013.36,12.0,27.0,5.0,1.0,1.02,6302.0
155.0,0.0,2844.7701522944794,1.22,20.0,1.0,729532.21,869013.39,12.0,27.0,5.0,1.0,1.02,6302.0
156.0,0.0,2834.011109611572,1.47,17.0,1.0,729534.77,869012.58,12.0,27.0,5.0,1.0,1.02,6302.0
157.0,0.0,2808.880340277853,3.39,20.0,1.0,729532.26,869009.85,12.0,27.0,5.0,1.0,1.02,6302.0
158.0,0.0,2820.2087455320366,0.94,20.0,1.0,729533.59,869013.97,12.0,27.0,5.0,1.0,1.02,6302.0
159.0,0.0,2725.6448376995127,0.93,20.0,1.0,729533.7,869012.17,12.0,27.0,5.0,1.0,1.02,6302.0
160.0,0.0,2795.092248440913,1.36,20.0,1.0,729532.18,869012.41,12.0,27.0,5.0,1.0,1.02,6302.0
161.0,0.0,2682.2326999087454,1.93,20.0,1.0,729532.77,869011.21,12.0,27.0,5.0,1.0,1.02,6302.0
162.0,0.0,2861.588490877772,1.11,20.0,1.0,729534.13,869012.23,12.0,27.0,5.0,1.0,1.02,6302.0
163.0,0.0,2875.473689284175,1.36,20.0,1.0,729534.74,869013.18,12.0,27.0,5.0,1.0,1.02,6302.0
164.0,0.0,2930.6928103127143,2.6,20.0,1.0,729535.69,869014.24,12.0,27.0,5.0,1.0,1.02,6302.0
165.0,0.0,2907.337091661611,0.61,20.0,1.0,729533.94,869013.3,12.0,27.0,5.0,1.0,1.02,6302.0
166.0,0.0,2807.646953359487,5.38,20.0,1.0,729538.65,869014.14,12.0,27.0,5.0,1.0,1.02,6302.0
167.0,0.0,2817.510316547909,0.29,20.0,1.0,729533.13,869012.9,12.0,27.0,5.0,1.0,1.02,6302.0
168.0,0.0,2908.2612595192704,1.95,17.0,1.0,729532.99,869014.96,12.0,27.0,5.0,1.0,1.02,6302.0
170.0,0.0,2892.4121673107293,0.38,20.0,1.0,729533.49,869013.42,12.0,27.0,5.0,1.0,1.02,6302.0
171.0,0.0,2941.5321448257328,3.38,20.0,1.0,729533.78,869016.4,12.0,27.0,5.0,1.0,1.02,6302.0
172.0,0.0,3042.4035342690186,0.47,15.0,1.0,729532.98,869012.8,12.0,27.0,5.0,1.0,1.02,6302.0
173.0,0.0,2904.290865873648,0.63,20.0,1.0,729533.91,869012.7,12.0,27.0,5.0,1.0,1.02,6302.0
174.0,0.0,3057.3658089344303,1.97,20.0,1.0,729531.99,869014.44,12.0,27.0,5.0,1.0,1.02,6302.0
175.0,0.0,3023.393991772047,2.88,15.0,1.0,729536.22,869013.55,12.0,27.0,5.0,1.0,1.02,6302.0
176.0,0.0,3101.1883005992763,2.29,20.0,1.0,729533.21,869015.33,12.0,27.0,5.0,1.0,1.02,6302.0
177.0,0.0,3240.722043689937,1.59,16.0,1.0,729532.29,869014.2,12.0,27.0,5.0,1.0,1.02,6302.0
178.0,0.0,3249.271154395032,2.81,20.0,1.0,729535.3,869010.99,12.0,27.0,5.0,1.0,1.02,6302.0
179.0,0.0,3166.0995396561616,2.97,20.0,1.0,729531.52,869015.36,12.0,27.0,5.0,1.0,1.02,6302.0
180.0,0.0,3204.9053558408164,4.08,20.0,1.0,729533.58,869017.12,12.0,27.0,5.0,1.0,1.02,6302.0
181.0,0.0,3246.4852124069503,4.27,20.0,1.0,729537.07,869010.91,12.0,27.0,5.0,1.0,1.02,6302.0
183.0,0.0,3343.9021629960503,0.87,17.0,1.0,729533.31,869012.18,12.0,27.0,5.0,1.0,1.02,6302.0
184.0,0.0,3472.7838391101154,0.72,20.0,1.0,729533.94,869012.59,12.0,27.0,5.0,1.0,1.02,6302.0
185.0,0.0,3437.5145433755392,4.81,20.0,1.0,729538.1,869012.11,12.0,27.0,5.0,1.0,1.02,6302.0
186.0,0.0,3085.1391688718545,0.32,20.0,1.0,729533.46,869012.74,12.0,27.0,5.0,1.0,1.02,6302.0
187.0,0.0,2913.362421399178,2.21,20.0,1.0,729533.4,869015.26,12.0,27.0,5.0,1.0,1.02,6302.0
188.0,0.0,2767.088382634258,0.61,14.0,1.0,729533.98,869012.95,12.0,27.0,5.0,1.0,1.02,6302.0
189.0,0.0,2834.635430736702,2.09,16.0,1.0,729534.82,869011.53,12.0,27.0,5.0,1.0,1.02,6302.0
190.0,0.0,2761.187219551842,1.44,20.0,1.0,729533.88,869014.4,12.0,27.0,5.0,1.0,1.02,6302.0
191.0,0.0,2606.090166430345,2.65,20.0,1.0,729532.3,869010.63,12.0,27.0,5.0,1.0,1.02,6302.0
192.0,0.0,2621.6322776959387,0.84,20.0,1.0,729533.94,869012.41,12.0,27.0,5.0,1.0,1.02,6302.0
193.0,0.0,2650.481189933738,1.59,20.0,1.0,729533.25,869011.46,12.0,27.0,5.0,1.0,1.02,6302.0
194.0,0.0,2720.284331358957,4.75,20.0,1.0,729537.84,869014.68,12.0,27.0,5.0,1.0,1.02,6302.0
195.0,0.0,2546.145253985943,0.22,20.0,1.0,729533.18,869013.13,12.0,27.0,5.0,1.0,1.02,6302.0
196.0,0.0,2506.199060489905,0.91,20.0,1.0,729532.49,869012.87,12.0,27.0,5.0,1.0,1.02,6302.0
197.0,0.0,2598.870093986195,1.08,20.0,1.0,729533.64,869014.1,12.0,27.0,5.0,1.0,1.02,6302.0
198.0,0.0,2579.1674018151307,0.89,16.0,1.0,729534.24,869013.28,12.0,27.0,5.0,1.0,1.02,6302.0
200.0,0.0,2477.851876956542,0.12,20.0,1.0,729533.45,869012.95,12.0,27.0,5.0,1.0,1.02,6302.0
201.0,0.0,2448.8698875443934,1.44,20.0,1.0,729534.65,869012.37,12.0,27.0,5.0,1.0,1.02,6302.0
202.0,0.0,2568.1760287338984,2.0,20.0,1.0,729531.41,869012.73,12.0,27.0,5.0,1.0,1.02,6302.0
203.0,0.0,2525.103993173625,2.82,20.0,1.0,729530.6,869013.51,12.0,27.0,5.0,1.0,1.02,6302.0
204.0,0.0,2485.623408830498,1.83,20.0,1.0,729531.56,869012.84,12.0,27.0,5.0,1.0,1.02,6302.0
205.0,0.0,2470.299294683121,1.56,20.0,1.0,729532.31,869014.18,12.0,27.0,5.0,1.0,1.02,6302.0
206.0,0.0,2379.27615403396,0.64,17.0,1.0,729533.06,869012.5,12.0,27.0,5.0,1.0,1.02,6302.0
207.0,0.0,2455.39198226213,0.08,20.0,1.0,729533.33,869013.1,12.0,27.0,5.0,1.0,1.02,6302.0
208.0,0.0,2548.9972891780685,0.78,20.0,1.0,729532.67,869013.37,12.0,27.0,5.0,1.0,1.02,6302.0
209.0,0.0,2450.352800942457,1.92,20.0,1.0,729533.36,869011.13,12.0,27.0,5.0,1.0,1.02,6302.0
210.0,0.0,2425.1944648250305,2.43,20.0,1.0,729532.03,869011.04,12.0,27.0,5.0,1.0,1.02,6302.0
211.0,0.0,2510.7696085199173,2.9,15.0,1.0,729535.49,869011.05,12.0,27.0,5.0,1.0,1.02,6302.0
212.0,0.0,2507.9343526543216,1.29,20.0,1.0,729534.67,869013.01,12.0,27.0,5.0,1.0,1.02,6302.0
213.0,0.0,2620.497100288608,0.82,20.0,1.0,729533.9,869012.41,12.0,27.0,5.0,1.0,1.02,6302.0
214.0,0.0,2593.512362830483,4.4,20.0,1.0,729534.8,869017.21,12.0,27.0,5.0,1.0,1.02,6302.0
215.0,0.0,2444.794551882048,0.99,20.0,1.0,729534.36,869012.88,12.0,27.0,5.0,1.0,1.02,6302.0
216.0,0.0,2564.015858002869,1.29,20.0,1.0,729532.67,869011.97,12.0,27.0,5.0,1.0,1.02,6302.0
217.0,0.0,2478.254345522308,0.77,20.0,1.0,729533.08,869013.76,12.0,27.0,5.0,1.0,1.02,6302.0
218.0,0.0,2491.338737504856,3.51,20.0,1.0,729535.59,869010.33,12.0,27.0,5.0,1.0,1.02,6302.0
219.0,0.0,2685.192158608927,1.58,16.0,1.0,729532.53,869014.38,12.0,27.0,5.0,1.0,1.02,6302.0
220.0,0.0,2725.345084113835,0.03,16.0,1.0,729533.37,869013.02,12.0,27.0,5.0,1.0,1.02,6302.0
221.0,0.0,2715.761678756634,0.52,20.0,1.0,729533.24,869013.54,12.0,27.0,5.0,1.0,1.02,6302.0
222.0,0.0,2639.865367072241,2.97,20.0,1.0,729533.48,869016.02,12.0,27.0,5.0,1.0,1.02,6302.0
223.0,0.0,2673.954577919786,1.37,20.0,1.0,729533.24,869014.41,12.0,27.0,5.0,1.0,1.02,6302.0
224.0,0.0,2828.462866999336,2.14,20.0,1.0,729532.91,869015.14,12.0,27.0,5.0,1.0,1.02,6302.0
225.0,0.0,2760.5512319492323,1.2,20.0,1.0,729533.52,869014.24,12.0,27.0,5.0,1.0,1.02,6302.0
226.0,0.0,2740.683832268888,0.82,20.0,1.0,729532.97,869012.33,12.0,27.0,5.0,1.0,1.02,6302.0
227.0,0.0,2789.9452902825515,2.6,20.0,1.0,729532.43,869015.47,12.0,27.0,5.0,1.0,1.02,6302.0
228.0,0.0,2747.315234361461,2.38,16.0,1.0,729532.63,869015.3,12.0,27.0,5.0,1.0,1.02,6302.0
230.0,0.0,2852.9071149668644,1.79,20.0,1.0,729533.42,869011.26,12.0,27.0,5.0,1.0,1.02,6302.0
231.0,0.0,2875.40727429362,0.66,20.0,1.0,729533.6,869013.68,12.0,27.0,5.0,1.0,1.02,6302.0
232.0,0.0,2995.1699204482707,0.24,20.0,1.0,729533.53,869013.23,12.0,27.0,5.0,1.0,1.02,6302.0
233.0,0.0,2951.850056779296,2.66,20.0,1.0,729535.4,869014.78,12.0,27.0,5.0,1.0,1.02,6302.0
234.0,0.0,2966.631152508558,3.47,20.0,1.0,729533.25,869016.51,12.0,27.0,5.0,1.0,1.02,6302.0
235.0,0.0,3151.6217716640544,1.28,20.0,1.0,729533.41,869011.77,12.0,27.0,5.0,1.0,1.02,6302.0
236.0,0.0,3205.677823551832,1.23,15.0,1.0,729534.4,869013.75,12.0,27.0,5.0,1.0,1.02,6302.0
237.0,0.0,3015.6925552001912,2.27,20.0,1.0,729534.72,869011.21,12.0,27.0,5.0,1.0,1.02,6302.0
238.0,0.0,3112.8847338979062,1.75,20.0,1.0,729531.72,869012.48,12.0,27.0,5.0,1.0,1.02,6302.0
239.0,0.0,3246.814749541053,3.1,17.0,1.0,729532.62,869010.04,12.0,27.0,5.0,1.0,1.02,6302.0
240.0,0.0,3212.770575515546,0.89,16.0,1.0,729533.17,869013.91,12.0,27.0,5.0,1.0,1.02,6302.0
241.0,0.0,3213.309327987443,0.45,20.0,1.0,729533.66,869012.69,12.0,27.0,5.0,1.0,1.02,6302.0
242.0,0.0,2867.147711182257,0.46,20.0,1.0,729533.68,869012.7,12.0,27.0,5.0,1.0,1.02,6302.0
243.0,0.0,2781.40071423176,1.32,20.0,1.0,729532.93,869011.81,12.0,27.0,5.0,1.0,1.02,6302.0
244.0,0.0,2560.141711074203,1.08,20.0,1.0,729532.31,869013.08,12.0,27.0,5.0,1.0,1.02,6302.0
245.0,0.0,2522.3645690862827,1.94,20.0,1.0,729532.8,869014.9,12.0,27.0,5.0,1.0,1.02,6302.0
246.0,0.0,2485.452692249197,0.45,20.0,1.0,729533.59,869012.65,12.0,27.0,5.0,1.0,1.02,6302.0
247.0,0.0,2513.1710228626644,1.14,20.0,1.0,729532.82,869014.04,12.0,27.0,5.0,1.0,1.02,6302.0
248.0,0.0,2561.896090351105,5.44,20.0,1.0,729538.62,869011.6,12.0,27.0,5.0,1.0,1.02,6302.0
249.0,0.0,2405.6143695765945,2.32,20.0,1.0,729531.45,869011.76,12.0,27.0,5.0,1.0,1.02,6302.0
250.0,0.0,2386.2189844351938,2.21,20.0,1.0,729533.48,869010.84,12.0,27.0,5.0,1.0,1.02,6302.0
251.0,0.0,2353.569559275772,1.13,20.0,1.0,729533.31,869014.17,12.0,27.0,5.0,1.0,1.02,6302.0
252.0,0.0,2346.8525856980145,0.83,20.0,1.0,729533.16,869013.85,12.0,27.0,5.0,1.0,1.02,6302.0
253.0,0.0,2281.143542281319,2.56,20.0,1.0,729534.63,869015.28,12.0,27.0,5.0,1.0,1.02,6302.0
254.0,0.0,2152.88132894155,1.37,15.0,1.0,729533.54,869014.41,12.0,27.0,5.0,1.0,1.02,6302.0
255.0,0.0,2183.517061205677,2.33,15.0,1.0,729535.71,869012.96,12.0,27.0,5.0,1.0,1.02,6302.0
256.0,0.0,2197.1959822048725,2.12,16.0,1.0,729531.41,869013.82,12.0,27.0,5.0,1.0,1.02,6302.0
257.0,0.0,2265.01102798039,0.93,20.0,1.0,729533.01,869013.9,12.0,27.0,5.0,1.0,1.02,6302.0
258.0,0.0,2196.703172866339,1.34,20.0,1.0,729532.85,869014.27,12.0,27.0,5.0,1.0,1.02,6302.0
259.0,0.0,2325.849441293892,0.61,20.0,1.0,729533.92,869013.34,12.0,27.0,5.0,1.0,1.02,6302.0
260.0,0.0,2159.923420258465,1.69,20.0,1.0,729534.87,869013.85,12.0,27.0,5.0,1.0,1.02,6302.0
261.0,0.0,2177.973877838357,1.86,20.0,1.0,729535.05,869012.22,12.0,27.0,5.0,1.0,1.02,6302.0
262.0,0.0,2195.7693433242007,0.37,20.0,1.0,729533.75,869013.06,12.0,27.0,5.0,1.0,1.02,6302.0
263.0,0.0,2266.149277700752,2.04,14.0,1.0,729531.36,869012.85,12.0,27.0,5.0,1.0,1.02,6302.0
264.0,0.0,2193.925652991065,3.82,20.0,1.0,729529.63,869012.3,12.0,27.0,5.0,1.0,1.02,6302.0
265.0,0.0,2244.300083128028,2.71,20.0,1.0,729530.7,869013.42,12.0,27.0,5.0,1.0,1.02,6302.0
266.0,0.0,2215.360974437807,4.45,20.0,1.0,729537.25,869015.25,12.0,27.0,5.0,1.0,1.02,6302.0
267.0,0.0,2250.5969249178697,1.74,20.0,1.0,729533.43,869014.79,12.0,27.0,5.0,1.0,1.02,6302.0
268.0,0.0,2226.558910014283,1.45,20.0,1.0,729534.8,869013.35,12.0,27.0,5.0,1.0,1.02,6302.0
269.0,0.0,2155.133871233575,2.13,15.0,1.0,729531.39,869013.8,12.0,27.0,5.0,1.0,1.02,6302.0
270.0,0.0,2183.2399805513937,2.0,18.0,1.0,729531.62,869012.11,12.0,27.0,5.0,1.0,1.02,6302.0
271.0,0.0,2186.3155532172964,0.88,20.0,1.0,729533.2,869012.18,12.0,27.0,5.0,1.0,1.02,6302.0
272.0,0.0,2143.663831462951,2.42,20.0,1.0,729531.03,869012.48,12.0,27.0,5.0,1.0,1.02,6302.0
273.0,0.0,2181.798501882792,1.52,17.0,1.0,729534.76,869013.69,12.0,27.0,5.0,1.0,1.02,6302.0
274.0,0.0,2381.3239049038725,0.4,20.0,1.0,729532.98,869012.99,12.0,27.0,5.0,1.0,1.02,6302.0
275.0,0.0,2340.6493028142418,0.27,20.0,1.0,729533.16,869012.9,12.0,27.0,5.0,1.0,1.02,6302.0
276.0,0.0,2433.0818461871763,0.93,20.0,1.0,729533.12,869013.94,12.0,27.0,5.0,1.0,1.02,6302.0
277.0,0.0,2231.5619963316217,2.23,20.0,1.0,729531.83,869014.65,12.0,27.0,5.0,1.0,1.02,6302.0
278.0,0.0,2385.732752034529,1.79,20.0,1.0,729534.93,869013.96,12.0,27.0,5.0,1.0,1.02,6302.0
279.0,0.0,2437.986220400337,1.67,20.0,1.0,729533.68,869011.41,12.0,27.0,5.0,1.0,1.02,6302.0
280.0,0.0,2406.948701765199,3.62,20.0,1.0,729532.3,869009.6,12.0,27.0,5.0,1.0,1.02,6302.0
281.0,0.0,2481.4921424816985,3.18,20.0,1.0,729532.95,869009.9,12.0,27.0,5.0,1.0,1.02,6302.0
282.0,0.0,2591.931430986609,1.19,20.0,1.0,729533.78,869011.93,12.0,27.0,5.0,1.0,1.02,6302.0
283.0,0.0,2514.3542504686875,1.63,20.0,1.0,729533.71,869011.45,12.0,27.0,5.0,1.0,1.02,6302.0
284.0,0.0,2465.099029363231,2.11,20.0,1.0,729534.98,869011.68,12.0,27.0,5.0,1.0,1.02,6302.0
285.0,0.0,2606.683124401569,2.56,20.0,1.0,729533.84,869010.53,12.0,27.0,5.0,1.0,1.02,6302.0
286.0,0.0,2545.5039989229144,4.32,20.0,1.0,729529.06,869013.16,12.0,27.0,5.0,1.0,1.02,6302.0
287.0,0.0,2663.6797820161764,0.47,20.0,1.0,729533.57,869012.62,12.0,27.0,5.0,1.0,1.02,6302.0
288.0,0.0,2698.4310264939536,1.42,20.0,1.0,729533.3,869011.63,12.0,27.0,5.0,1.0,1.02,6302.0
289.0,0.0,2653.746383634937,0.41,15.0,1.0,729533.04,869013.29,12.0,27.0,5.0,1.0,1.02,6302.0
290.0,0.0,2695.7420772127207,1.38,20.0,1.0,729533.64,869011.7,12.0,27.0,5.0,1.0,1.02,6302.0
291.0,0.0,2777.9550787868,1.42,20.0,1.0,729533.08,869011.66,12.0,27.0,5.0,1.0,1.02,6302.0
292.0,0.0,2845.5205540213965,0.57,20.0,1.0,729532.85,869012.84,12.0,27.0,5.0,1.0,1.02,6302.0
293.0,0.0,2779.2063490860696,1.32,20.0,1.0,729534.45,869012.27,12.0,27.0,5.0,1.0,1.02,6302.0
294.0,0.0,2852.729977095204,0.22,17.0,1.0,729533.54,869012.89,12.0,27.0,5.0,1.0,1.02,6302.0
295.0,0.0,3026.3339993623863,2.79,20.0,1.0,729530.89,869011.8,12.0,27.0,5.0,1.0,1.02,6302.0
296.0,0.0,2948.940771226584,2.84,15.0,1.0,729534.0,869010.27,12.0,27.0,5.0,1.0,1.02,6302.0
297.0,0.0,3004.158869243628,1.48,20.0,1.0,729534.82,869013.38,12.0,27.0,5.0,1.0,1.02,6302.0
298.0,0.0,3010.037492945616,1.43,17.0,1.0,729534.58,869013.83,12.0,27.0,5.0,1.0,1.02,6302.0
299.0,0.0,3032.500335220786,3.36,16.0,1.0,729536.73,869012.72,12.0,27.0,5.0,1.0,1.02,6302.0
301.0,0.0,2580.095829968965,0.71,20.0,1.0,729532.78,869012.68,12.0,27.0,5.0,1.0,1.02,6302.0
302.0,0.0,2399.327824430277,3.12,16.0,1.0,729533.57,869016.16,12.0,27.0,5.0,1.0,1.02,6302.0
303.0,0.0,2195.3603789017247,1.45,17.0,1.0,729533.21,869011.61,12.0,27.0,5.0,1.0,1.02,6302.0
304.0,0.0,2355.450496745608,3.43,20.0,1.0,729530.41,869011.33,12.0,27.0,5.0,1.0,1.02,6302.0
305.0,0.0,2272.90434654251,1.55,20.0,1.0,729532.52,869014.33,12.0,27.0,5.0,1.0,1.02,6302.0
306.0,0.0,2242.4124337850817,0.39,16.0,1.0,729533.08,869012.8,12.0,27.0,5.0,1.0,1.02,6302.0
307.0,0.0,2095.1373800863457,0.91,20.0,1.0,729534.16,869012.58,12.0,27.0,5.0,1.0,1.02,6302.0
308.0,0.0,2100.713562203107,1.91,20.0,1.0,729535.24,869013.5,12.0,27.0,5.0,1.0,1.02,6302.0
309.0,0.0,2112.2149741669723,1.95,20.0,1.0,729533.46,869015.0,12.0,27.0,5.0,1.0,1.02,6302.0
310.0,0.0,2140.517637426772,2.43,20.0,1.0,729533.26,869015.47,12.0,27.0,5.0,1.0,1.02,6302.0
311.0,0.0,1975.1132547526088,0.95,20.0,1.0,729532.7,869013.71,12.0,27.0,5.0,1.0,1.02,6302.0
312.0,0.0,1994.0597866506528,0.99,20.0,1.0,729533.31,869014.03,12.0,27.0,5.0,1.0,1.02,6302.0
313.0,0.0,2079.909194454678,2.82,20.0,1.0,729531.54,869015.18,12.0,27.0,5.0,1.0,1.02,6302.0
314.0,0.0,1900.387008257504,2.28,20.0,1.0,729532.06,869014.9,12.0,27.0,5.0,1.0,1.02,6302.0
315.0,0.0,2033.6434488770503,2.19,17.0,1.0,729533.61,869015.22,12.0,27.0,5.0,1.0,1.02,6302.0
316.0,0.0,2108.8924620436906,2.19,17.0,1.0,729531.2,869013.15,12.0,27.0,5.0,1.0,1.02,6302.0
317.0,0.0,1995.592827821252,1.8,20.0,1.0,729534.95,869013.93,12.0,27.0,5.0,1.0,1.02,6302.0
318.0,0.0,1890.1031416141377,3.7,20.0,1.0,729534.54,869009.54,12.0,27.0,5.0,1.0,1.02,6302.0
319.0,0.0,1910.498392737048,1.32,20.0,1.0,729532.12,869013.44,12.0,27.0,5.0,1.0,1.02,6302.0
320.0,0.0,1796.74873679571,2.59,20.0,1.0,729530.79,869012.96,12.0,27.0,5.0,1.0,1.02,6302.0
321.0,0.0,1844.7203811225547,2.01,20.0,1.0,729533.73,869015.02,12.0,27.0,5.0,1.0,1.02,6302.0
322.0,0.0,1999.762911205536,3.19,20.0,1.0,729533.38,869009.86,12.0,27.0,5.0,1.0,1.02,6302.0
323.0,0.0,1834.7636379311664,2.17,20.0,1.0,729533.68,869010.9,12.0,27.0,5.0,1.0,1.02,6302.0
324.0,0.0,2069.8250178513144,1.62,20.0,1.0,729531.77,869013.16,12.0,27.0,5.0,1.0,1.02,6302.0
325.0,0.0,2002.0928847567047,2.0,20.0,1.0,729532.72,869011.16,12.0,27.0,5.0,1.0,1.02,6302.0
326.0,0.0,1993.428158447403,1.64,20.0,1.0,729531.77,869012.75,12.0,27.0,5.0,1.0,1.02,6302.0
327.0,0.0,1920.5209423973336,1.65,20.0,1.0,729531.74,869012.88,12.0,27.0,5.0,1.0,1.02,6302.0
328.0,0.0,2033.929925611284,0.4,20.0,1.0,729532.99,869012.96,12.0,27.0,5.0,1.0,1.02,6302.0
329.0,0.0,2040.384365639262,2.96,20.0,1.0,729536.34,869013.11,12.0,27.0,5.0,1.0,1.02,6302.0
330.0,0.0,1880.980975448049,1.32,20.0,1.0,729534.67,869012.74,12.0,27.0,5.0,1.0,1.02,6302.0
331.0,0.0,1890.495129187061,1.06,20.0,1.0,729532.32,869013.13,12.0,27.0,5.0,1.0,1.02,6302.0
332.0,0.0,2140.715682676359,0.51,20.0,1.0,729532.92,869012.85,12.0,27.0,5.0,1.0,1.02,6302.0
333.0,0.0,1887.0923715810727,0.88,20.0,1.0,729533.23,869013.91,12.0,27.0,5.0,1.0,1.02,6302.0
334.0,0.0,2103.904445847068,0.74,20.0,1.0,729532.95,869013.65,12.0,27.0,5.0,1.0,1.02,6302.0
335.0,0.0,1932.069404024972,0.84,20.0,1.0,729533.74,869013.81,12.0,27.0,5.0,1.0,1.02,6302.0
336.0,0.0,2120.0642791995447,2.81,20.0,1.0,729532.38,869010.42,12.0,27.0,5.0,1.0,1.02,6302.0
337.0,0.0,2158.7567981924126,1.25,20.0,1.0,729532.16,869013.3,12.0,27.0,5.0,1.0,1.02,6302.0
338.0,0.0,2168.563792893925,1.3,20.0,1.0,729532.09,869013.15,12.0,27.0,5.0,1.0,1.02,6302.0
339.0,0.0,2102.4840813241963,4.14,16.0,1.0,729537.51,869013.37,12.0,27.0,5.0,1.0,1.02,6302.0
340.0,0.0,2119.5365719054403,2.71,20.0,1.0,729533.58,869010.34,12.0,27.0,5.0,1.0,1.02,6302.0
341.0,0.0,2167.077959661712,0.99,20.0,1.0,729534.01,869012.29,12.0,27.0,5.0,1.0,1.02,6302.0
342.0,0.0,2158.166488884829,1.17,20.0,1.0,729534.32,869012.34,12.0,27.0,5.0,1.0,1.02,6302.0
343.0,0.0,2151.57474412703,0.95,20.0,1.0,729534.33,869013.11,12.0,27.0,5.0,1.0,1.02,6302.0
344.0,0.0,2095.4799465561828,4.48,16.0,1.0,729528.9,869013.26,12.0,27.0,5.0,1.0,1.02,6302.0
345.0,0.0,2217.4015478658644,2.34,20.0,1.0,729532.56,869015.24,12.0,27.0,5.0,1.0,1.02,6302.0
346.0,0.0,2219.749982812052,1.33,20.0,1.0,729532.4,869012.15,12.0,27.0,5.0,1.0,1.02,6302.0
347.0,0.0,2141.0872430784502,1.09,20.0,1.0,729532.85,869014.0,12.0,27.0,5.0,1.0,1.02,6302.0
348.0,0.0,2106.487230258746,0.59,20.0,1.0,729533.16,869013.59,12.0,27.0,5.0,1.0,1.02,6302.0
349.0,0.0,2486.502635501737,1.35,20.0,1.0,729532.2,869013.7,12.0,27.0,5.0,1.0,1.02,6302.0
350.0,0.0,2379.211089940618,3.42,20.0,1.0,729530.96,869010.63,12.0,27.0,5.0,1.0,1.02,6302.0
351.0,0.0,2362.457520251927,1.53,20.0,1.0,729531.88,869012.76,12.0,27.0,5.0,1.0,1.02,6302.0
352.0,0.0,2407.251852884693,0.7,20.0,1.0,729533.86,869012.54,12.0,27.0,5.0,1.0,1.02,6302.0
353.0,0.0,2556.8057062484622,1.33,20.0,1.0,729534.57,869012.43,12.0,27.0,5.0,1.0,1.02,6302.0
354.0,0.0,2437.97581618296,2.43,20.0,1.0,729531.61,869014.71,12.0,27.0,5.0,1.0,1.02,6302.0
355.0,0.0,2393.6603547216087,1.28,20.0,1.0,729534.3,869013.94,12.0,27.0,5.0,1.0,1.02,6302.0
356.0,0.0,2498.827805726832,1.26,20.0,1.0,729534.64,869013.1,12.0,27.0,5.0,1.0,1.02,6302.0
357.0,0.0,2569.081731252203,1.42,20.0,1.0,729532.58,869011.87,12.0,27.0,5.0,1.0,1.02,6302.0
358.0,0.0,2775.316309777856,1.25,20.0,1.0,729533.13,869014.27,12.0,27.0,5.0,1.0,1.02,6302.0
359.0,0.0,2595.230246987485,4.19,20.0,1.0,729537.25,869014.65,12.0,27.0,5.0,1.0,1.02,6302.0
360.0,0.0,2638.3972595098644,3.05,20.0,1.0,729535.65,869015.09,12.0,27.0,5.0,1.0,1.02,6302.0
361.0,0.0,2688.0032245718185,0.49,20.0,1.0,729532.95,869012.81,12.0,27.0,5.0,1.0,1.02,6302.0
362.0,0.0,2743.399403587652,1.38,20.0,1.0,729533.65,869014.4,12.0,27.0,5.0,1.0,1.02,6302.0
363.0,0.0,2835.686966133999,1.51,20.0,1.0,729534.86,869013.35,12.0,27.0,5.0,1.0,1.02,6302.0
364.0,0.0,2979.611045871634,0.96,19.0,1.0,729533.99,869013.79,12.0,27.0,5.0,1.0,1.02,6302.0
365.0,0.0,2834.028097163287,4.81,15.0,1.0,729535.84,869017.18,12.0,27.0,5.0,1.0,1.02,6302.0
367.0,0.0,2909.005161772264,1.6,20.0,1.0,729533.38,869011.45,12.0,27.0,5.0,1.0,1.02,6302.0
368.0,0.0,2885.442575838256,0.71,20.0,80.0,729533.04,869013.67,12.0,27.0,2.0,1.0,0.408,3302.0
369.0,0.0,2984.064418645917,0.18,15.0,1.0,729533.33,869013.22,12.0,27.0,5.0,1.0,1.02,6302.0
370.0,0.0,2245.735985659901,8.15,20.0,1.0,729541.47,869014.07,12.0,27.0,5.0,1.0,1.02,6302.0
371.0,0.0,2221.66791635916,0.64,20.0,1.0,729533.4,869013.68,12.0,27.0,5.0,1.0,1.02,6302.0
372.0,0.0,2144.514690851184,3.9,20.0,1.0,729537.26,869012.6,12.0,27.0,5.0,1.0,1.02,6302.0
373.0,0.0,2105.161543482994,0.59,16.0,1.0,729533.58,869012.49,12.0,27.0,5.0,1.0,1.02,6302.0
374.0,0.0,2032.3908565693923,2.92,20.0,1.0,729534.82,869010.51,12.0,27.0,5.0,1.0,1.02,6302.0
375.0,0.0,2071.948857654904,1.99,20.0,1.0,729535.31,869012.55,12.0,27.0,5.0,1.0,1.02,6302.0
376.0,0.0,2012.904187094872,2.6,20.0,1.0,729535.18,869014.93,12.0,27.0,5.0,1.0,1.02,6302.0
377.0,0.0,1910.822772659582,1.4,20.0,1.0,729531.99,869012.88,12.0,27.0,5.0,1.0,1.02,6302.0
378.0,0.0,1759.3282987253986,0.36,20.0,1.0,729533.09,869012.84,12.0,27.0,5.0,1.0,1.02,6302.0
379.0,0.0,1848.695680348011,2.2,20.0,1.0,729531.39,869013.97,12.0,27.0,5.0,1.0,1.02,6302.0
380.0,0.0,1931.181719963298,2.78,20.0,1.0,729536.14,869013.39,12.0,27.0,5.0,1.0,1.02,6302.0
381.0,0.0,1733.1916483892178,0.25,20.0,1.0,729533.14,869013.09,12.0,27.0,5.0,1.0,1.02,6302.0
382.0,0.0,1897.7350677327315,0.86,20.0,1.0,729534.25,869013.06,12.0,27.0,5.0,1.0,1.02,6302.0
383.0,0.0,1677.352095110078,1.82,16.0,1.0,729532.91,869011.29,12.0,27.0,5.0,1.0,1.02,6302.0
384.0,0.0,1794.601543426628,2.42,20.0,1.0,729531.79,869011.23,12.0,27.0,5.0,1.0,1.02,6302.0
385.0,0.0,1864.251611954564,0.37,20.0,1.0,729533.44,869012.68,12.0,27.0,5.0,1.0,1.02,6302.0
386.0,0.0,1758.2173981406986,1.01,16.0,1.0,729532.68,869013.77,12.0,27.0,5.0,1.0,1.02,6302.0
387.0,0.0,1753.2167691297498,3.68,20.0,1.0,729533.95,869009.41,12.0,27.0,5.0,1.0,1.02,6302.0
388.0,0.0,1665.7574948973345,6.28,20.0,1.0,729534.06,869006.8,12.0,27.0,5.0,1.0,1.02,6302.0
389.0,0.0,1609.8664529051057,1.73,20.0,1.0,729531.66,869013.2,12.0,27.0,5.0,1.0,1.02,6302.0
390.0,0.0,1674.9110099710745,1.51,20.0,1.0,729531.94,869013.49,12.0,27.0,5.0,1.0,1.02,6302.0
391.0,0.0,1747.6435056580035,1.8,20.0,1.0,729534.47,869014.48,12.0,27.0,5.0,1.0,1.02,6302.0
392.0,0.0,1625.417110886465,1.94,15.0,1.0,729532.96,869011.16,12.0,27.0,5.0,1.0,1.02,6302.0
393.0,0.0,1735.868829728562,1.35,20.0,1.0,729534.73,869013.06,12.0,27.0,5.0,1.0,1.02,6302.0
394.0,0.0,1613.540888725116,1.45,20.0,1.0,729532.13,869013.79,12.0,27.0,5.0,1.0,1.02,6302.0
395.0,0.0,1651.9325861795612,2.04,15.0,1.0,729534.67,869011.46,12.0,27.0,5.0,1.0,1.02,6302.0
396.0,0.0,1689.272918540944,1.28,20.0,1.0,729534.6,869013.47,12.0,27.0,5.0,1.0,1.02,6302.0
397.0,0.0,1591.37366045998,1.5,20.0,1.0,729531.89,869012.89,12.0,27.0,5.0,1.0,1.02,6302.0
398.0,0.0,1596.2275547158256,3.72,20.0,1.0,729533.49,869016.77,12.0,27.0,5.0,1.0,1.02,6302.0
399.0,0.0,1558.2765108772282,0.95,20.0,1.0,729534.1,869013.67,12.0,27.0,5.0,1.0,1.02,6302.0
400.0,0.0,1631.5793270759566,1.69,20.0,1.0,729533.77,869014.7,12.0,27.0,5.0,1.0,1.02,6302.0
401.0,0.0,1693.5039180394244,0.9,20.0,1.0,729532.56,869012.68,12.0,27.0,5.0,1.0,1.02,6302.0
402.0,0.0,1578.5593008323913,0.72,20.0,1.0,729532.67,869013.11,12.0,27.0,5.0,1.0,1.02,6302.0
403.0,0.0,1795.759350533915,3.38,20.0,1.0,729531.25,869010.43,12.0,27.0,5.0,1.0,1.02,6302.0
404.0,0.0,1728.9121090317217,1.54,20.0,1.0,729534.09,869011.68,12.0,27.0,5.0,1.0,1.02,6302.0
405.0,0.0,1671.96803133121,0.57,20.0,1.0,729533.91,869013.27,12.0,27.0,5.0,1.0,1.02,6302.0
406.0,0.0,1758.583591744059,1.68,20.0,1.0,729534.9,869013.77,12.0,27.0,5.0,1.0,1.02,6302.0
407.0,0.0,1733.4013176753065,0.7,14.0,1.0,729532.68,869013.12,12.0,27.0,5.0,1.0,1.02,6302.0
408.0,0.0,1840.0548238656013,2.51,20.0,1.0,729531.95,869010.98,12.0,27.0,5.0,1.0,1.02,6302.0
409.0,0.0,1706.0242402557592,2.59,20.0,1.0,729534.27,869010.61,12.0,27.0,5.0,1.0,1.02,6302.0
410.0,0.0,1790.4189120381216,0.63,15.0,1.0,729532.77,869013.22,12.0,27.0,5.0,1.0,1.02,6302.0
411.0,0.0,1910.0493112462173,2.17,20.0,1.0,729531.27,869013.54,12.0,27.0,5.0,1.0,1.02,6302.0
412.0,0.0,1843.428210780585,0.76,20.0,1.0,729533.54,869013.79,12.0,27.0,5.0,1.0,1.02,6302.0
413.0,0.0,1732.4263066727558,1.09,20.0,1.0,729534.32,869013.61,12.0,27.0,5.0,1.0,1.02,6302.0
414.0,0.0,1781.2413751515471,0.83,20.0,1.0,729534.19,869012.83,12.0,27.0,5.0,1.0,1.02,6302.0
415.0,0.0,1991.610164817448,0.42,20.0,1.0,729533.17,869012.69,12.0,27.0,5.0,1.0,1.02,6302.0
416.0,0.0,2016.0707455686104,2.68,20.0,1.0,729531.6,869011.05,12.0,27.0,5.0,1.0,1.02,6302.0
417.0,0.0,1791.4303148657764,0.2,20.0,1.0,729533.18,869013.04,12.0,27.0,5.0,1.0,1.02,6302.0
418.0,0.0,1809.2320131626984,1.51,20.0,1.0,729532.57,869014.32,12.0,27.0,5.0,1.0,1.02,6302.0
419.0,0.0,1902.0247999608464,1.04,20.0,1.0,729533.78,869012.08,12.0,27.0,5.0,1.0,1.02,6302.0
420.0,0.0,1966.3553452112528,2.41,20.0,1.0,729535.78,869013.21,12.0,27.0,5.0,1.0,1.02,6302.0
421.0,0.0,1839.3208470645727,2.18,20.0,1.0,729531.23,869013.39,12.0,27.0,5.0,1.0,1.02,6302.0
422.0,0.0,1967.313087192688,1.72,20.0,1.0,729531.69,869012.75,12.0,27.0,5.0,1.0,1.02,6302.0
423.0,0.0,2087.4753394573736,1.47,20.0,1.0,729532.7,869014.34,12.0,27.0,5.0,1.0,1.02,6302.0
424.0,0.0,1913.6507766365469,1.01,20.0,1.0,729533.3,869012.04,12.0,27.0,5.0,1.0,1.02,6302.0
425.0,0.0,1992.234375093595,7.45,20.0,1.0,729540.67,869011.5,12.0,27.0,5.0,1.0,1.02,6302.0
426.0,0.0,2076.6472692693605,1.62,16.0,1.0,729531.76,869013.1,12.0,27.0,5.0,1.0,1.02,6302.0
427.0,0.0,2206.322631423332,1.76,20.0,1.0,729534.55,869011.74,12.0,27.0,5.0,1.0,1.02,6302.0
428.0,0.0,2178.1314268037177,0.24,20.0,1.0,729533.57,869013.2,12.0,27.0,5.0,1.0,1.02,6302.0
429.0,0.0,2232.642353688107,1.24,20.0,1.0,729534.08,869014.07,12.0,27.0,5.0,1.0,1.02,6302.0
430.0,0.0,2306.757400948729,0.47,20.0,1.0,729533.8,869012.85,12.0,27.0,5.0,1.0,1.02,6302.0
431.0,0.0,2121.538288192893,3.84,20.0,1.0,729537.21,869012.65,12.0,27.0,5.0,1.0,1.02,6302.0
432.0,0.0,2198.3119512662943,0.8,20.0,1.0,729533.71,869013.77,12.0,27.0,5.0,1.0,1.02,6302.0
433.0,0.0,2283.928208371194,1.56,20.0,1.0,729531.83,869013.23,12.0,27.0,5.0,1.0,1.02,6302.0
434.0,0.0,2409.3245375918164,2.53,20.0,1.0,729534.67,869010.88,12.0,27.0,5.0,1.0,1.02,6302.0
435.0,0.0,2288.4598945817265,1.06,17.0,1.0,729533.45,869014.11,12.0,27.0,5.0,1.0,1.02,6302.0
436.0,0.0,2354.8151812573174,0.04,20.0,1.0,729533.42,869013.02,12.0,27.0,5.0,1.0,1.02,6302.0
437.0,0.0,2333.3088961497447,2.83,20.0,1.0,729535.74,869011.49,12.0,27.0,5.0,1.0,1.02,6302.0
438.0,0.0,2598.0883476945305,0.78,16.0,1.0,729534.16,869013.13,12.0,27.0,5.0,1.0,1.02,6302.0
439.0,0.0,2615.768387308613,1.93,20.0,1.0,729535.31,869013.11,12.0,27.0,5.0,1.0,1.02,6302.0
440.0,0.0,2569.54907022543,1.83,20.0,1.0,729532.89,869014.81,12.0,27.0,5.0,1.0,1.02,6302.0
441.0,0.0,2521.2706312594605,0.4,17.0,1.0,729533.39,869012.65,12.0,27.0,5.0,1.0,1.02,6302.0
443.0,0.0,2845.2632878509216,0.43,20.0,1.0,729533.08,869013.36,12.0,27.0,5.0,1.0,1.02,6302.0
444.0,0.0,2594.3410221718605,1.21,20.0,1.0,729532.24,869012.65,12.0,27.0,5.0,1.0,1.02,6302.0
445.0,0.0,2655.511170263497,2.58,20.0,1.0,729531.96,869010.9,12.0,27.0,5.0,1.0,1.02,6302.0
446.0,0.0,2058.2703742852536,0.57,20.0,1.0,729532.81,869013.06,12.0,27.0,5.0,1.0,1.02,6302.0
447.0,0.0,2014.405272531782,0.43,20.0,1.0,729533.54,869013.45,12.0,27.0,5.0,1.0,1.02,6302.0
448.0,0.0,1859.550644406074,0.62,20.0,1.0,729533.78,869013.52,12.0,27.0,5.0,1.0,1.02,6302.0
449.0,0.0,1920.394310206448,1.59,20.0,1.0,729533.56,869011.47,12.0,27.0,5.0,1.0,1.02,6302.0
450.0,0.0,1714.87457053525,3.39,20.0,1.0,729532.91,869016.41,12.0,27.0,5.0,1.0,1.02,6302.0
451.0,0.0,1670.6283147680865,1.82,20.0,1.0,729535.06,869013.76,12.0,27.0,5.0,1.0,1.02,6302.0
452.0,0.0,1488.5166994076333,0.78,17.0,1.0,729533.54,869013.81,12.0,27.0,5.0,1.0,1.02,6302.0
453.0,0.0,1624.229848599013,0.88,20.0,1.0,729533.64,869012.21,12.0,27.0,5.0,1.0,1.02,6302.0
454.0,0.0,1615.794164963526,4.84,20.0,1.0,729528.56,869013.48,12.0,27.0,5.0,1.0,1.02,6302.0
455.0,0.0,1676.364418077869,1.49,20.0,1.0,729534.73,869012.41,12.0,27.0,5.0,1.0,1.02,6302.0
456.0,0.0,1515.1096862784416,1.26,20.0,1.0,729534.11,869012.02,12.0,27.0,5.0,1.0,1.02,6302.0
457.0,0.0,1476.4162125814737,1.4,20.0,1.0,729533.5,869011.65,12.0,27.0,5.0,1.0,1.02,6302.0
458.0,0.0,1376.0701938342131,0.35,20.0,1.0,729533.05,869012.96,12.0,27.0,5.0,1.0,1.02,6302.0
459.0,0.0,1377.200682369385,0.97,20.0,1.0,729532.42,869012.97,12.0,27.0,5.0,1.0,1.02,6302.0
460.0,0.0,1396.6162666396508,0.79,20.0,1.0,729532.63,869013.31,12.0,27.0,5.0,1.0,1.02,6302.0
461.0,0.0,1460.545564722495,0.9,20.0,1.0,729532.53,869012.76,12.0,27.0,5.0,1.0,1.02,6302.0
462.0,0.0,1387.212480610565,2.72,20.0,1.0,729532.14,869015.47,12.0,27.0,5.0,1.0,1.02,6302.0
463.0,0.0,1427.6972065843447,4.16,15.0,1.0,729537.44,869013.94,12.0,27.0,5.0,1.0,1.02,6302.0
465.0,0.0,1400.7576536767967,3.68,20.0,1.0,729536.73,869014.56,12.0,27.0,5.0,1.0,1.02,6302.0
466.0,0.0,1465.0868593233297,1.7,20.0,1.0,729535.07,869013.23,12.0,27.0,5.0,1.0,1.02,6302.0
467.0,0.0,1312.970621185077,0.67,20.0,1.0,729534.05,869013.11,12.0,27.0,5.0,1.0,1.02,6302.0
468.0,0.0,1419.916654878745,1.14,20.0,1.0,729534.04,869013.98,12.0,27.0,5.0,1.0,1.02,6302.0
469.0,0.0,1283.762533752477,0.79,20.0,1.0,729533.4,869012.25,12.0,27.0,5.0,1.0,1.02,6302.0
470.0,0.0,1242.4919619949346,3.76,20.0,1.0,729532.96,869016.79,12.0,27.0,5.0,1.0,1.02,6302.0
471.0,0.0,1418.6316508825832,1.73,20.0,1.0,729531.93,869013.98,12.0,27.0,5.0,1.0,1.02,6302.0
472.0,0.0,1507.038088233777,2.75,20.0,1.0,729530.84,869012.0,12.0,27.0,5.0,1.0,1.02,6302.0
473.0,0.0,1523.731744658956,3.16,20.0,1.0,729533.1,869016.19,12.0,27.0,5.0,1.0,1.02,6302.0
474.0,0.0,1531.2125760391182,1.57,20.0,1.0,729534.54,869011.99,12.0,27.0,5.0,1.0,1.02,6302.0
475.0,0.0,1375.3267581271589,0.58,20.0,1.0,729533.82,869012.66,12.0,27.0,5.0,1.0,1.02,6302.0
476.0,0.0,1594.481198054987,1.03,20.0,1.0,729532.83,869013.92,12.0,27.0,5.0,1.0,1.02,6302.0
477.0,0.0,1472.7244257943012,1.75,20.0,1.0,729531.85,869012.21,12.0,27.0,5.0,1.0,1.02,6302.0
478.0,0.0,1604.8353838462426,1.14,20.0,1.0,729532.4,869012.47,12.0,27.0,5.0,1.0,1.02,6302.0
479.0,0.0,1569.726716885868,2.41,20.0,1.0,729535.79,869013.19,12.0,27.0,5.0,1.0,1.02,6302.0
480.0,0.0,1715.9535900003173,2.17,20.0,1.0,729535.29,869014.08,12.0,27.0,5.0,1.0,1.02,6302.0
481.0,0.0,1575.9565676858365,2.44,20.0,1.0,729535.64,869013.98,12.0,27.0,5.0,1.0,1.02,6302.0
482.0,0.0,1752.185712104411,2.47,20.0,1.0,729533.51,869010.58,12.0,27.0,5.0,1.0,1.02,6302.0
483.0,0.0,1829.2016753767884,0.62,20.0,1.0,729534.0,869013.11,12.0,27.0,5.0,1.0,1.02,6302.0
484.0,0.0,1670.2300558850754,3.92,20.0,1.0,729534.21,869009.22,12.0,27.0,5.0,1.0,1.02,6302.0
485.0,0.0,1865.380010731367,1.1,20.0,1.0,729533.86,869014.04,12.0,27.0,5.0,1.0,1.02,6302.0
486.0,0.0,1908.4454996657728,0.35,20.0,1.0,729533.25,869012.72,12.0,27.0,5.0,1.0,1.02,6302.0
487.0,0.0,1910.2979207636392,1.29,20.0,1.0,729534.62,869012.71,12.0,27.0,5.0,1.0,1.02,6302.0
488.0,0.0,1784.2895701672303,0.86,20.0,1.0,729533.34,869012.19,12.0,27.0,5.0,1.0,1.02,6302.0
489.0,0.0,1836.7245333260817,0.73,20.0,1.0,729533.82,869013.63,12.0,27.0,5.0,1.0,1.02,6302.0
490.0,0.0,1953.8581130368352,3.24,20.0,1.0,729530.29,869014.03,12.0,27.0,5.0,1.0,1.02,6302.0
491.0,0.0,2131.5919524645883,2.05,17.0,1.0,729531.34,869013.22,12.0,27.0,5.0,1.0,1.02,6302.0
492.0,0.0,2188.226912037318,1.88,20.0,1.0,729531.5,869013.09,12.0,27.0,5.0,1.0,1.02,6302.0
493.0,0.0,1970.367043870812,1.84,20.0,1.0,729535.23,869013.09,12.0,27.0,5.0,1.0,1.02,6302.0
494.0,0.0,2091.566679251598,2.45,20.0,1.0,729531.9,869015.0,12.0,27.0,5.0,1.0,1.02,6302.0
495.0,0.0,2278.19229600757,1.56,20.0,1.0,729533.97,869011.61,12.0,27.0,5.0,1.0,1.02,6302.0
496.0,0.0,2257.741867863532,0.57,20.0,1.0,729533.82,869012.68,12.0,27.0,5.0,1.0,1.02,6302.0
497.0,0.0,2277.8874273481374,0.93,20.0,1.0,729533.31,869012.13,12.0,27.0,5.0,1.0,1.02,6302.0
498.0,0.0,2343.5029145370604,0.5,20.0,1.0,729533.45,869012.55,12.0,27.0,5.0,1.0,1.02,6302.0
499.0,0.0,2561.1174353619704,1.68,20.0,1.0,729534.78,869013.99,12.0,27.0,5.0,1.0,1.02,6302.0
500.0,0.0,2480.1591038188244,1.3,20.0,1.0,729533.36,869014.35,12.0,27.0,5.0,1.0,1.02,6302.0
501.0,0.0,2403.195100643147,3.19,20.0,1.0,729535.19,869015.68,12.0,27.0,5.0,1.0,1.02,6302.0
502.0,0.0,2622.386441849337,3.64,20.0,1.0,729532.04,869016.44,12.0,27.0,5.0,1.0,1.02,6302.0
503.0,0.0,2445.48897046024,2.36,16.0,1.0,729535.18,869011.52,12.0,27.0,5.0,1.0,1.02,6302.0
504.0,0.0,2494.0394065105406,0.46,20.0,1.0,729533.84,869012.96,12.0,27.0,5.0,1.0,1.02,6302.0
505.0,0.0,2558.213178066969,1.72,20.0,1.0,729533.89,869011.41,12.0,27.0,5.0,1.0,1.02,6302.0
506.0,0.0,2623.378618144685,1.18,16.0,1.0,729532.58,869012.18,12.0,27.0,5.0,1.0,1.02,6302.0
507.0,0.0,2620.954280616786,0.36,16.0,1.0,729533.62,869013.33,12.0,27.0,5.0,1.0,1.02,6302.0
508.0,0.0,2586.100224881946,5.34,20.0,1.0,729533.3,869007.71,12.0,27.0,5.0,1.0,1.02,6302.0
509.0,0.0,2644.594530947499,1.79,17.0,1.0,729533.43,869011.26,12.0,27.0,5.0,1.0,1.02,6302.0
510.0,0.0,1882.3686666884216,1.87,20.0,1.0,729531.98,869011.8,12.0,27.0,5.0,1.0,1.02,6302.0
511.0,0.0,1962.3794917811229,2.21,20.0,1.0,729534.41,869011.09,12.0,27.0,5.0,1.0,1.02,6302.0
512.0,0.0,1683.9101679945077,1.9,20.0,1.0,729533.01,869014.91,12.0,27.0,5.0,1.0,1.02,6302.0
513.0,0.0,1792.7200749172766,2.15,17.0,1.0,729531.58,869011.86,12.0,27.0,5.0,1.0,1.02,6302.0
514.0,0.0,1680.8229472401451,0.95,20.0,1.0,729533.11,869013.96,12.0,27.0,5.0,1.0,1.02,6302.0
515.0,0.0,1516.5148312203407,1.63,20.0,1.0,729532.01,869013.92,12.0,27.0,5.0,1.0,1.02,6302.0
516.0,0.0,1439.4156956720356,0.52,20.0,1.0,729532.87,869012.93,12.0,27.0,5.0,1.0,1.02,6302.0
517.0,0.0,1532.8734937382978,1.3,20.0,1.0,729534.68,869012.96,12.0,27.0,5.0,1.0,1.02,6302.0
518.0,0.0,1508.0127752700955,2.31,20.0,1.0,729531.24,869012.2,12.0,27.0,5.0,1.0,1.02,6302.0
519.0,0.0,1527.131461170604,3.06,20.0,1.0,729531.32,869015.31,12.0,27.0,5.0,1.0,1.02,6302.0
520.0,0.0,1360.8489628289622,1.83,15.0,1.0,729532.67,869011.36,12.0,27.0,5.0,1.0,1.02,6302.0
521.0,0.0,1452.252959436585,2.3,20.0,1.0,729535.16,869011.58,12.0,27.0,5.0,1.0,1.02,6302.0
522.0,0.0,1415.7881097474435,0.4,20.0,1.0,729532.98,869013.04,12.0,27.0,5.0,1.0,1.02,6302.0
523.0,0.0,1520.0628482833786,0.22,20.0,1.0,729533.2,869013.16,12.0,27.0,5.0,1.0,1.02,6302.0
524.0,0.0,1153.369855325783,1.17,20.0,1.0,729534.46,869012.57,12.0,27.0,5.0,1.0,1.02,6302.0
525.0,0.0,1410.1483332748446,3.39,16.0,1.0,729536.7,869012.35,12.0,27.0,5.0,1.0,1.02,6302.0
526.0,0.0,1195.4789603393249,1.02,16.0,1.0,729534.16,869012.38,12.0,27.0,5.0,1.0,1.02,6302.0
527.0,0.0,1141.0297973040124,1.25,20.0,1.0,729533.67,869011.83,12.0,27.0,5.0,1.0,1.02,6302.0
528.0,0.0,1120.6655740978547,1.02,20.0,1.0,729533.3,869012.03,12.0,27.0,5.0,1.0,1.02,6302.0
529.0,0.0,964.4835620104432,3.28,20.0,1.0,729536.56,869012.27,12.0,27.0,5.0,1.0,1.02,6302.0
530.0,0.0,1062.1565570887035,1.61,20.0,1.0,729534.69,869012.11,12.0,27.0,5.0,1.0,1.02,6302.0
531.0,0.0,1074.4194588646037,0.9,20.0,1.0,729533.36,869013.95,12.0,27.0,5.0,1.0,1.02,6302.0
532.0,0.0,1049.3942299193593,1.04,20.0,1.0,729534.31,869012.58,12.0,27.0,5.0,1.0,1.02,6302.0
533.0,0.0,1125.1789312024373,1.56,20.0,1.0,729534.88,869013.49,12.0,27.0,5.0,1.0,1.02,6302.0
534.0,0.0,1143.377952108232,2.43,20.0,1.0,729532.08,869015.09,12.0,27.0,5.0,1.0,1.02,6302.0
535.0,0.0,1003.1405079655912,1.2,20.0,1.0,729534.54,869012.73,12.0,27.0,5.0,1.0,1.02,6302.0
536.0,0.0,1050.978012221543,1.74,20.0,1.0,729533.73,869014.75,12.0,27.0,5.0,1.0,1.02,6302.0
537.0,0.0,1203.1346608461592,1.21,20.0,1.0,729532.4,869013.74,12.0,27.0,5.0,1.0,1.02,6302.0
538.0,0.0,1135.0878288031456,0.98,20.0,1.0,729534.34,869012.83,12.0,27.0,5.0,1.0,1.02,6302.0
539.0,0.0,1317.7800439316204,1.16,20.0,1.0,729534.5,869013.37,12.0,27.0,5.0,1.0,1.02,6302.0
540.0,0.0,1383.2361880913684,4.34,20.0,1.0,729534.59,869017.21,12.0,27.0,5.0,1.0,1.02,6302.0
541.0,0.0,1336.0341327862434,2.02,20.0,1.0,729534.22,869014.88,12.0,27.0,5.0,1.0,1.02,6302.0
542.0,0.0,1304.601233642784,0.43,20.0,1.0,729533.01,869012.84,12.0,27.0,5.0,1.0,1.02,6302.0
543.0,0.0,1433.7978395700754,0.79,20.0,1.0,729533.64,869013.79,12.0,27.0,5.0,1.0,1.02,6302.0
544.0,0.0,1546.9068167763526,1.84,20.0,1.0,729533.65,869014.87,12.0,27.0,5.0,1.0,1.02,6302.0
545.0,0.0,1381.3299860040638,1.6,20.0,1.0,729532.26,869011.9,12.0,27.0,5.0,1.0,1.02,6302.0
546.0,0.0,1498.1504693420356,0.57,20.0,1.0,729533.44,869013.61,12.0,27.0,5.0,1.0,1.02,6302.0
547.0,0.0,1444.0447968495455,1.13,20.0,1.0,729532.26,869012.93,12.0,27.0,5.0,1.0,1.02,6302.0
548.0,0.0,1630.9953399135188,0.83,16.0,1.0,729532.66,869013.46,12.0,27.0,5.0,1.0,1.02,6302.0
549.0,0.0,1570.0144500997285,0.68,20.0,1.0,729532.81,869013.4,12.0,27.0,5.0,1.0,1.02,6302.0
550.0,0.0,1768.7315441077503,1.31,20.0,1.0,729533.27,869011.74,12.0,27.0,5.0,1.0,1.02,6302.0
551.0,0.0,1658.5395443811108,1.06,20.0,1.0,729532.42,869013.48,12.0,27.0,5.0,1.0,1.02,6302.0
552.0,0.0,1542.4729994149734,1.61,18.0,1.0,729533.99,869014.53,12.0,27.0,5.0,1.0,1.02,6302.0
553.0,0.0,1952.5526285186984,1.17,20.0,1.0,729534.16,869012.17,12.0,27.0,5.0,1.0,1.02,6302.0
554.0,0.0,1775.058985298548,1.0,20.0,1.0,729534.21,869013.6,12.0,27.0,5.0,1.0,1.02,6302.0
555.0,0.0,1856.534955713233,1.38,20.0,1.0,729532.99,869011.73,12.0,27.0,5.0,1.0,1.02,6302.0
556.0,0.0,2026.035279029478,2.04,20.0,1.0,729535.42,869012.96,12.0,27.0,5.0,1.0,1.02,6302.0
557.0,0.0,2004.397662594004,0.55,20.0,1.0,729533.38,869012.5,12.0,27.0,5.0,1.0,1.02,6302.0
558.0,0.0,1942.9099584272487,4.51,16.0,1.0,729528.87,869013.0,12.0,27.0,5.0,1.0,1.02,6302.0
559.0,0.0,1989.5371492803904,0.87,20.0,1.0,729533.24,869012.19,12.0,27.0,5.0,1.0,1.02,6302.0
560.0,0.0,1917.606333328185,0.73,20.0,1.0,729532.76,869012.67,12.0,27.0,5.0,1.0,1.02,6302.0
561.0,0.0,2196.9332284163,1.83,20.0,1.0,729534.77,869011.86,12.0,27.0,5.0,1.0,1.02,6302.0
562.0,0.0,2178.30799693602,2.36,20.0,1.0,729533.52,869010.69,12.0,27.0,5.0,1.0,1.02,6302.0
563.0,0.0,2146.1946572142488,0.26,20.0,1.0,729533.12,869013.01,12.0,27.0,5.0,1.0,1.02,6302.0
564.0,0.0,2366.5957195342653,0.62,20.0,1.0,729533.23,869012.45,12.0,27.0,5.0,1.0,1.02,6302.0
565.0,0.0,2268.714463953145,0.4,16.0,1.0,729533.36,869012.65,12.0,27.0,5.0,1.0,1.02,6302.0
566.0,0.0,2173.9362631636204,1.86,18.0,1.0,729533.84,869011.24,12.0,27.0,5.0,1.0,1.02,6302.0
567.0,0.0,2138.2623808148137,1.27,20.0,1.0,729532.39,869013.85,12.0,27.0,5.0,1.0,1.02,6302.0
568.0,0.0,2182.722016167703,2.36,20.0,1.0,729531.03,869012.87,12.0,27.0,5.0,1.0,1.02,6302.0
569.0,0.0,2202.8931515643444,2.47,20.0,1.0,729532.29,869015.27,12.0,27.0,5.0,1.0,1.02,6302.0
570.0,0.0,2278.337379988775,5.01,20.0,1.0,729533.42,869008.03,12.0,27.0,5.0,1.0,1.02,6302.0
571.0,0.0,2462.387820405814,1.34,20.0,80.0,729532.97,869011.77,12.0,27.0,2.0,1.0,0.408,3302.0
572.0,0.0,2492.9241068288707,1.85,20.0,1.0,729534.22,869014.7,12.0,27.0,5.0,1.0,1.02,6302.0
573.0,0.0,2503.496012633479,0.45,20.0,1.0,729533.4,869013.5,12.0,27.0,5.0,1.0,1.02,6302.0
574.0,0.0,2444.7370473360047,2.81,20.0,1.0,729535.17,869010.88,12.0,27.0,5.0,1.0,1.02,6302.0
575.0,0.0,2335.121107420646,1.24,20.0,1.0,729534.42,869012.36,12.0,27.0,5.0,1.0,1.02,6302.0
576.0,0.0,2328.9845275418097,3.38,20.0,1.0,729535.52,869015.67,12.0,27.0,5.0,1.0,1.02,6302.0
577.0,0.0,2409.211293332013,0.58,15.0,1.0,729532.8,869013.05,12.0,27.0,5.0,1.0,1.02,6302.0
578.0,0.0,1847.9200207338167,0.43,20.0,1.0,729532.98,869012.9,12.0,27.0,5.0,1.0,1.02,6302.0
579.0,0.0,1713.653096744133,1.25,20.0,1.0,729533.78,869014.23,12.0,27.0,5.0,1.0,1.02,6302.0
580.0,0.0,1728.331966795677,0.17,20.0,1.0,729533.5,869012.92,12.0,27.0,5.0,1.0,1.02,6302.0
581.0,0.0,1768.7896183912408,2.42,20.0,1.0,729533.02,869015.44,12.0,27.0,5.0,1.0,1.02,6302.0
582.0,0.0,1686.5624034489113,5.78,20.0,1.0,729535.96,869018.22,12.0,27.0,5.0,1.0,1.02,6302.0
583.0,0.0,1529.8130483239645,1.69,20.0,1.0,729534.92,869013.75,12.0,27.0,5.0,1.0,1.02,6302.0
584.0,0.0,1528.8040658827929,2.29,15.0,1.0,729533.05,869010.79,12.0,27.0,5.0,1.0,1.02,6302.0
585.0,0.0,1272.252857672883,3.59,16.0,1.0,729532.27,869009.63,12.0,27.0,5.0,1.0,1.02,6302.0
586.0,0.0,1227.7727289339343,1.86,16.0,1.0,729531.84,869012.0,12.0,27.0,5.0,1.0,1.02,6302.0
587.0,0.0,1310.1161266913236,0.71,20.0,1.0,729533.77,869012.46,12.0,27.0,5.0,1.0,1.02,6302.0
588.0,0.0,1171.220812474666,1.57,16.0,1.0,729534.95,869013.0,12.0,27.0,5.0,1.0,1.02,6302.0
589.0,0.0,1131.447444818862,3.37,20.0,1.0,729530.34,869014.5,12.0,27.0,5.0,1.0,1.02,6302.0
590.0,0.0,1183.1001134891562,2.37,20.0,1.0,729531.04,869012.72,12.0,27.0,5.0,1.0,1.02,6302.0
591.0,0.0,987.7991693139428,1.09,20.0,1.0,729534.46,869012.92,12.0,27.0,5.0,1.0,1.02,6302.0
592.0,0.0,852.5425135282835,3.16,20.0,1.0,729536.52,869012.64,12.0,27.0,5.0,1.0,1.02,6302.0
593.0,0.0,1064.1921391866315,1.03,20.0,1.0,729534.15,869013.73,12.0,27.0,5.0,1.0,1.02,6302.0
594.0,0.0,955.645791193072,1.82,20.0,1.0,729532.67,869011.38,12.0,27.0,5.0,1.0,1.02,6302.0
595.0,0.0,1108.3006265641834,1.56,20.0,1.0,729531.85,869012.78,12.0,27.0,5.0,1.0,1.02,6302.0
596.0,0.0,970.1060294599732,1.09,20.0,1.0,729534.36,869012.57,12.0,27.0,5.0,1.0,1.02,6302.0
597.0,0.0,1100.3537554592556,0.71,12.0,1.0,729532.67,869013.0,12.0,27.0,5.0,1.0,1.02,6302.0
598.0,0.0,909.3256380819256,1.69,20.0,1.0,729533.31,869014.74,12.0,27.0,5.0,1.0,1.02,6302.0
599.0,0.0,915.9375860439332,1.28,20.0,1.0,729532.69,869014.12,12.0,27.0,5.0,1.0,1.02,6302.0
600.0,0.0,1000.0782649035292,2.0,16.0,1.0,729535.21,869012.23,12.0,27.0,5.0,1.0,1.02,6302.0
601.0,0.0,1007.128147698898,0.3,20.0,1.0,729533.1,869013.13,12.0,27.0,5.0,1.0,1.02,6302.0
602.0,0.0,935.3173326404088,2.13,20.0,1.0,729532.55,869015.01,12.0,27.0,5.0,1.0,1.02,6302.0
603.0,0.0,734.1551658436424,1.96,16.0,1.0,729535.26,869013.62,12.0,27.0,5.0,1.0,1.02,6302.0
604.0,0.0,813.6343641547807,1.03,20.0,1.0,729534.31,869013.49,12.0,27.0,5.0,1.0,1.02,6302.0
605.0,0.0,891.9590883658021,2.24,20.0,1.0,729534.1,869015.17,12.0,27.0,5.0,1.0,1.02,6302.0
606.0,0.0,821.0402891539753,3.21,20.0,1.0,729533.82,869016.23,12.0,27.0,5.0,1.0,1.02,6302.0
607.0,0.0,802.242672131126,4.15,20.0,1.0,729532.74,869008.95,12.0,27.0,5.0,1.0,1.02,6302.0
608.0,0.0,904.0857937784634,1.29,20.0,1.0,729532.17,869013.48,12.0,27.0,5.0,1.0,1.02,6302.0
609.0,0.0,888.7699564451015,0.98,20.0,1.0,729533.25,869014.02,12.0,27.0,5.0,1.0,1.02,6302.0
610.0,0.0,887.4936671051042,1.61,20.0,1.0,729533.17,869011.45,12.0,27.0,5.0,1.0,1.02,6302.0
611.0,0.0,821.4967680463928,0.46,20.0,1.0,729533.63,869013.43,12.0,27.0,5.0,1.0,1.02,6302.0
612.0,0.0,717.5025150146821,2.66,20.0,1.0,729534.79,869015.3,12.0,27.0,5.0,1.0,1.02,6302.0
613.0,0.0,938.1042737422316,0.23,18.0,1.0,729533.43,869012.83,12.0,27.0,5.0,1.0,1.02,6302.0
614.0,0.0,858.0388004589522,1.72,20.0,1.0,729533.68,869011.35,12.0,27.0,5.0,1.0,1.02,6302.0
615.0,0.0,919.4655486303756,0.36,20.0,1.0,729533.14,869012.78,12.0,27.0,5.0,1.0,1.02,6302.0
616.0,0.0,949.9400045725585,0.77,20.0,1.0,729534.15,869013.17,12.0,27.0,5.0,1.0,1.02,6302.0
617.0,0.0,1026.0951157544705,0.87,20.0,1.0,729533.04,869013.85,12.0,27.0,5.0,1.0,1.02,6302.0
618.0,0.0,792.3010506075192,4.23,20.0,1.0,729535.2,869016.87,12.0,27.0,5.0,1.0,1.02,6302.0
619.0,0.0,999.8602423957652,0.93,20.0,1.0,729532.55,869012.62,12.0,27.0,5.0,1.0,1.02,6302.0
620.0,0.0,1165.8638680999604,1.2,20.0,1.0,729534.58,869012.98,12.0,27.0,5.0,1.0,1.02,6302.0
621.0,0.0,1073.6477313944763,1.06,20.0,1.0,729534.38,869013.41,12.0,27.0,5.0,1.0,1.02,6302.0
622.0,0.0,1023.4542548777068,1.66,16.0,1.0,729531.87,869012.36,12.0,27.0,5.0,1.0,1.02,6302.0
623.0,0.0,1043.48944950137,2.15,20.0,1.0,729535.3,869014.01,12.0,27.0,5.0,1.0,1.02,6302.0
624.0,0.0,1205.514033871086,2.0,20.0,1.0,729534.88,869014.37,12.0,27.0,5.0,1.0,1.02,6302.0
625.0,0.0,1293.4982304581551,1.2,20.0,1.0,729534.58,869013.17,12.0,27.0,5.0,1.0,1.02,6302.0
626.0,0.0,1190.9437353763742,0.48,20.0,1.0,729533.85,869013.15,12.0,27.0,5.0,1.0,1.02,6302.0
627.0,0.0,1185.0140077347046,3.1,16.0,1.0,729535.77,869011.08,12.0,27.0,5.0,1.0,1.02,6302.0
628.0,0.0,1113.3456467437986,0.74,20.0,1.0,729532.79,869013.5,12.0,27.0,5.0,1.0,1.02,6302.0
629.0,0.0,1145.0990292148856,3.34,20.0,1.0,729531.55,869010.25,12.0,27.0,5.0,1.0,1.02,6302.0
630.0,0.0,1199.2829295691156,0.74,20.0,1.0,729534.07,869013.32,12.0,27.0,5.0,1.0,1.02,6302.0
631.0,0.0,1181.0879649303383,0.27,20.0,1.0,729533.17,869012.89,12.0,27.0,5.0,1.0,1.02,6302.0
632.0,0.0,1289.0604718979564,0.47,20.0,1.0,729533.21,869013.49,12.0,27.0,5.0,1.0,1.02,6302.0
633.0,0.0,1472.2420844760031,0.72,20.0,1.0,729534.07,869013.26,12.0,27.0,5.0,1.0,1.02,6302.0
634.0,0.0,1408.2063503371803,1.23,20.0,1.0,729534.08,869014.06,12.0,27.0,5.0,1.0,1.02,6302.0
635.0,0.0,1310.5482661462297,3.72,20.0,1.0,729533.19,869009.33,12.0,27.0,5.0,1.0,1.02,6302.0
636.0,0.0,1302.9452092097863,0.81,20.0,1.0,729533.3,869012.24,12.0,27.0,5.0,1.0,1.02,6302.0
637.0,0.0,1441.1426097552942,3.34,14.0,1.0,729530.69,869011.07,12.0,27.0,5.0,1.0,1.02,6302.0
638.0,0.0,1582.3150123246824,0.57,20.0,1.0,729533.08,869012.57,12.0,27.0,5.0,1.0,1.02,6302.0
639.0,0.0,1594.980540265623,3.77,14.0,1.0,729533.42,869009.28,12.0,27.0,5.0,1.0,1.02,6302.0
640.0,0.0,1610.118005809255,0.86,15.0,1.0,729533.26,869012.2,12.0,27.0,5.0,1.0,1.02,6302.0
641.0,0.0,1563.5529111636406,0.59,20.0,1.0,729533.96,869012.9,12.0,27.0,5.0,1.0,1.02,6302.0
642.0,0.0,1710.9148965738714,2.31,20.0,1.0,729535.65,869013.48,12.0,27.0,5.0,1.0,1.02,6302.0
643.0,0.0,1686.2043639883252,1.51,18.0,1.0,729533.35,869011.54,12.0,27.0,5.0,1.0,1.02,6302.0
644.0,0.0,1748.928012589408,1.28,16.0,1.0,729532.81,869011.9,12.0,27.0,5.0,1.0,1.02,6302.0
645.0,0.0,1729.6662230892812,0.9,20.0,1.0,729533.67,869012.2,12.0,27.0,5.0,1.0,1.02,6302.0
646.0,0.0,1730.9760449035796,0.49,20.0,1.0,729533.3,869013.53,12.0,27.0,5.0,1.0,1.02,6302.0
647.0,0.0,1945.7142272815663,1.34,20.0,1.0,729532.07,869013.32,12.0,27.0,5.0,1.0,1.02,6302.0
648.0,0.0,2141.2700618275635,0.79,17.0,1.0,729533.45,869012.26,12.0,27.0,5.0,1.0,1.02,6302.0
649.0,0.0,2080.8330313722035,1.33,20.0,1.0,729532.45,869012.1,12.0,27.0,5.0,1.0,1.02,6302.0
650.0,0.0,2020.501279622,0.64,20.0,1.0,729534.02,869013.09,12.0,27.0,5.0,1.0,1.02,6302.0
651.0,0.0,2104.2885412472533,2.67,20.0,1.0,729535.87,869014.01,12.0,27.0,5.0,1.0,1.02,6302.0
652.0,0.0,1907.378840022136,0.92,20.0,1.0,729533.43,869012.13,12.0,27.0,5.0,1.0,1.02,6302.0
653.0,0.0,2047.4880664102704,2.54,18.0,1.0,729535.92,869012.95,12.0,27.0,5.0,1.0,1.02,6302.0
654.0,0.0,1889.087314124155,1.5,16.0,1.0,729533.5,869014.54,12.0,27.0,5.0,1.0,1.02,6302.0
655.0,0.0,2315.518273670012,1.61,16.0,1.0,729534.58,869014.13,12.0,27.0,5.0,1.0,1.02,6302.0
656.0,0.0,2341.8478147394667,0.8,20.0,1.0,729534.06,869013.47,12.0,27.0,5.0,1.0,1.02,6302.0
657.0,0.0,2315.113776102537,1.4,20.0,1.0,729534.58,869012.33,12.0,27.0,5.0,1.0,1.02,6302.0
658.0,0.0,2108.4627494274214,0.41,16.0,1.0,729533.29,869013.45,12.0,27.0,5.0,1.0,1.02,6302.0
659.0,0.0,2385.850717384452,1.32,20.0,1.0,729532.49,869014.02,12.0,27.0,5.0,1.0,1.02,6302.0
660.0,0.0,1698.873365693634,1.1,16.0,1.0,729532.4,869013.54,12.0,27.0,5.0,1.0,1.02,6302.0
661.0,0.0,1680.5578805038404,0.76,20.0,1.0,729532.64,869012.94,12.0,27.0,5.0,1.0,1.02,6302.0
662.0,0.0,1669.210341587382,2.7,20.0,1.0,729535.9,869012.09,12.0,27.0,5.0,1.0,1.02,6302.0
663.0,0.0,1497.392564208006,1.12,20.0,1.0,729533.39,869014.16,12.0,27.0,5.0,1.0,1.02,6302.0
664.0,0.0,1568.3970078186771,1.59,20.0,1.0,729534.08,869011.62,12.0,27.0,5.0,1.0,1.02,6302.0
665.0,0.0,1589.3772115503243,3.75,20.0,1.0,729531.45,869009.84,12.0,27.0,5.0,1.0,1.02,6302.0
666.0,0.0,1594.7730600500204,1.25,18.0,1.0,729533.83,869014.22,12.0,27.0,5.0,1.0,1.02,6302.0
667.0,0.0,1484.6010738367656,0.57,17.0,1.0,729533.95,869013.0,12.0,27.0,5.0,1.0,1.02,6302.0
668.0,0.0,1336.7109849308858,0.54,20.0,1.0,729533.9,869012.9,12.0,27.0,5.0,1.0,1.02,6302.0
669.0,0.0,1234.611453107178,1.11,20.0,1.0,729533.03,869011.99,12.0,27.0,5.0,1.0,1.02,6302.0
670.0,0.0,1219.2971134007664,2.18,20.0,1.0,729532.11,869014.82,12.0,27.0,5.0,1.0,1.02,6302.0
671.0,0.0,1405.8550205170054,0.42,20.0,1.0,729533.72,869012.79,12.0,27.0,5.0,1.0,1.02,6302.0
672.0,0.0,1329.9623246313802,0.12,20.0,1.0,729533.27,869013.07,12.0,27.0,5.0,1.0,1.02,6302.0
673.0,0.0,1011.4894867592392,1.28,20.0,1.0,729534.6,869012.67,12.0,27.0,5.0,1.0,1.02,6302.0
674.0,0.0,1104.521186765001,2.13,20.0,1.0,729532.34,869011.2,12.0,27.0,5.0,1.0,1.02,6302.0
675.0,0.0,986.6520651302276,1.76,20.0,1.0,729532.73,869011.42,12.0,27.0,5.0,1.0,1.02,6302.0
676.0,0.0,1106.891494340767,1.11,20.0,1.0,729534.02,869013.96,12.0,27.0,5.0,1.0,1.02,6302.0
677.0,0.0,1070.293539120197,1.5,17.0,1.0,729534.75,869013.66,12.0,27.0,5.0,1.0,1.02,6302.0
678.0,0.0,1078.789109090229,0.57,20.0,1.0,729533.73,869012.61,12.0,27.0,5.0,1.0,1.02,6302.0
679.0,0.0,1068.7003630760132,2.67,16.0,1.0,729536.05,869012.92,12.0,27.0,5.0,1.0,1.02,6302.0
680.0,0.0,865.4763017437123,1.57,20.0,1.0,729534.19,869014.4,12.0,27.0,5.0,1.0,1.02,6302.0
681.0,0.0,800.6107341690861,0.51,20.0,1.0,729533.53,869013.54,12.0,27.0,5.0,1.0,1.02,6302.0
682.0,0.0,932.3953864500584,1.35,20.0,1.0,729533.29,869011.71,12.0,27.0,5.0,1.0,1.02,6302.0
683.0,0.0,880.2238919260313,2.0,16.0,1.0,729533.33,869015.05,12.0,27.0,5.0,1.0,1.02,6302.0
684.0,0.0,732.4275300646426,1.23,20.0,1.0,729532.64,869014.02,12.0,27.0,5.0,1.0,1.02,6302.0
685.0,0.0,719.609657457627,5.23,20.0,1.0,729533.74,869018.27,12.0,27.0,5.0,1.0,1.02,6302.0
686.0,0.0,804.5165731346735,1.33,16.0,1.0,729532.06,869012.99,12.0,27.0,5.0,1.0,1.02,6302.0
687.0,0.0,760.0383881404865,1.58,20.0,1.0,729533.46,869014.63,12.0,27.0,5.0,1.0,1.02,6302.0
688.0,0.0,594.8767240252282,1.71,20.0,1.0,729532.25,869014.33,12.0,27.0,5.0,1.0,1.02,6302.0
689.0,0.0,581.2741598745095,0.22,20.0,1.0,729533.18,869013.14,12.0,27.0,5.0,1.0,1.02,6302.0
690.0,0.0,648.7564494549315,1.52,20.0,1.0,729534.71,869013.79,12.0,27.0,5.0,1.0,1.02,6302.0
691.0,0.0,559.9641924206642,1.04,20.0,1.0,729533.36,869014.09,12.0,27.0,5.0,1.0,1.02,6302.0
692.0,0.0,577.7051188879578,1.24,20.0,1.0,729533.63,869011.83,12.0,27.0,5.0,1.0,1.02,6302.0
693.0,0.0,542.7518256612728,1.75,20.0,1.0,729532.1,869014.23,12.0,27.0,5.0,1.0,1.02,6302.0
694.0,0.0,441.0568179886666,0.36,20.0,1.0,729533.32,869012.69,12.0,27.0,5.0,1.0,1.02,6302.0
695.0,0.0,535.9781966507147,1.71,20.0,1.0,729535.02,869013.56,12.0,27.0,5.0,1.0,1.02,6302.0
696.0,0.0,501.2415984871023,2.35,17.0,1.0,729531.29,869011.97,12.0,27.0,5.0,1.0,1.02,6302.0
697.0,0.0,629.3490321163997,3.24,20.0,1.0,729535.18,869015.74,12.0,27.0,5.0,1.0,1.02,6302.0
698.0,0.0,699.5362081967497,4.34,20.0,1.0,729529.92,869010.44,12.0,27.0,5.0,1.0,1.02,6302.0
699.0,0.0,602.7650492715034,2.68,20.0,1.0,729536.04,869012.76,12.0,27.0,5.0,1.0,1.02,6302.0
700.0,0.0,495.0917488423377,1.75,20.0,1.0,729531.65,869013.32,12.0,27.0,5.0,1.0,1.02,6302.0
701.0,0.0,737.4460757335753,1.93,20.0,1.0,729533.09,869011.14,12.0,27.0,5.0,1.0,1.02,6302.0
702.0,0.0,766.099612893782,1.21,16.0,1.0,729533.93,869011.97,12.0,27.0,5.0,1.0,1.02,6302.0
703.0,0.0,884.3902897286105,0.59,20.0,1.0,729532.98,869013.48,12.0,27.0,5.0,1.0,1.02,6302.0
704.0,0.0,897.9151029151873,0.44,20.0,1.0,729532.98,869012.86,12.0,27.0,5.0,1.0,1.02,6302.0
705.0,0.0,907.5587765841352,0.88,20.0,1.0,729532.68,869012.52,12.0,27.0,5.0,1.0,1.02,6302.0
706.0,0.0,846.4932004724491,0.25,20.0,1.0,729533.3,869012.81,12.0,27.0,5.0,1.0,1.02,6302.0
707.0,0.0,1180.9639641425083,0.83,20.0,1.0,729534.03,869012.53,12.0,27.0,5.0,1.0,1.02,6302.0
708.0,0.0,1188.8257355688925,0.86,20.0,1.0,729533.46,869013.91,12.0,27.0,5.0,1.0,1.02,6302.0
709.0,0.0,1177.299582338817,1.5,20.0,1.0,729532.57,869014.31,12.0,27.0,5.0,1.0,1.02,6302.0
710.0,0.0,1336.8139332331962,0.38,20.0,1.0,729533.59,869013.36,12.0,27.0,5.0,1.0,1.02,6302.0
711.0,0.0,1483.114996784425,2.84,20.0,1.0,729532.53,869015.76,12.0,27.0,5.0,1.0,1.02,6302.0
712.0,0.0,1341.7996617207334,0.43,20.0,1.0,729533.68,869012.73,12.0,27.0,5.0,1.0,1.02,6302.0
713.0,0.0,1576.147147461107,1.24,20.0,1.0,729534.62,869013.16,12.0,27.0,5.0,1.0,1.02,6302.0
714.0,0.0,1565.6941507493502,2.36,20.0,1.0,729531.05,869012.71,12.0,27.0,5.0,1.0,1.02,6302.0
715.0,0.0,1532.9272729605932,1.58,20.0,1.0,729534.9,869013.5,12.0,27.0,5.0,1.0,1.02,6302.0
716.0,0.0,1469.2798286104432,1.58,20.0,1.0,729533.27,869014.62,12.0,27.0,5.0,1.0,1.02,6302.0
717.0,0.0,1776.6175811584642,5.63,20.0,1.0,729534.47,869018.57,12.0,27.0,5.0,1.0,1.02,6302.0
718.0,0.0,1660.4436959513746,0.68,20.0,1.0,729533.86,869013.53,12.0,27.0,5.0,1.0,1.02,6302.0
719.0,0.0,1807.32947330402,0.95,20.0,1.0,729534.07,869012.39,12.0,27.0,5.0,1.0,1.02,6302.0
720.0,0.0,2177.619851969733,0.79,20.0,1.0,729533.76,869013.74,12.0,27.0,5.0,1.0,1.02,6302.0
721.0,0.0,1918.9500920727148,0.71,16.0,1.0,729534.09,869012.94,12.0,27.0,5.0,1.0,1.02,6302.0
722.0,0.0,1994.8193853293355,2.34,20.0,1.0,729535.67,869013.55,12.0,27.0,5.0,1.0,1.02,6302.0
723.0,0.0,2039.6486859999056,1.45,15.0,1.0,729533.36,869014.49,12.0,27.0,5.0,1.0,1.02,6302.0
724.0,0.0,2329.2782038215228,1.23,20.0,1.0,729532.41,869012.29,12.0,27.0,5.0,1.0,1.02,6302.0
725.0,0.0,2139.7099241987203,1.13,17.0,1.0,729532.48,869012.38,12.0,27.0,5.0,1.0,1.02,6302.0
726.0,0.0,2265.3285090105105,1.49,20.0,1.0,729533.61,869011.58,12.0,27.0,5.0,1.0,1.02,6302.0
727.0,0.0,1553.9880276978718,0.71,20.0,1.0,729532.67,869013.13,12.0,27.0,5.0,1.0,1.02,6302.0
728.0,0.0,1457.512953046116,1.75,20.0,1.0,729532.39,869014.49,12.0,27.0,5.0,1.0,1.02,6302.0
729.0,0.0,1575.2967396296451,2.41,20.0,1.0,729532.66,869015.35,12.0,27.0,5.0,1.0,1.02,6302.0
730.0,0.0,1566.1584583631577,3.32,20.0,1.0,729536.55,869014.02,12.0,27.0,5.0,1.0,1.02,6302.0
731.0,0.0,1471.4956242575872,1.31,15.0,1.0,729534.69,869012.98,12.0,27.0,5.0,1.0,1.02,6302.0
732.0,0.0,1394.9393980849077,0.82,20.0,1.0,729533.01,869013.77,12.0,27.0,5.0,1.0,1.02,6302.0
733.0,0.0,1606.462073136861,0.76,20.0,1.0,729532.66,869012.82,12.0,27.0,5.0,1.0,1.02,6302.0
734.0,0.0,1368.7287124542452,3.99,20.0,1.0,729537.16,869014.34,12.0,27.0,5.0,1.0,1.02,6302.0
735.0,0.0,1305.780889359471,0.97,20.0,1.0,729533.4,869014.02,12.0,27.0,5.0,1.0,1.02,6302.0
736.0,0.0,1446.5383377911537,3.09,20.0,1.0,729536.38,869012.32,12.0,27.0,5.0,1.0,1.02,6302.0
737.0,0.0,1374.3475336325748,5.94,20.0,1.0,729527.75,869011.15,12.0,27.0,5.0,1.0,1.02,6302.0
738.0,0.0,1228.1604693102963,0.64,20.0,1.0,729533.19,869013.66,12.0,27.0,5.0,1.0,1.02,6302.0
739.0,0.0,1110.280957424378,1.86,20.0,1.0,729535.15,869013.64,12.0,27.0,5.0,1.0,1.02,6302.0
740.0,0.0,942.8659316485102,0.4,20.0,1.0,729533.59,869013.39,12.0,27.0,5.0,1.0,1.02,6302.0
741.0,0.0,1151.941237515473,0.89,20.0,1.0,729534.27,869013.04,12.0,27.0,5.0,1.0,1.02,6302.0
742.0,0.0,1058.1156934431383,0.62,20.0,1.0,729534.0,869013.15,12.0,27.0,5.0,1.0,1.02,6302.0
743.0,0.0,1142.1355862501548,2.22,20.0,1.0,729531.17,869013.17,12.0,27.0,5.0,1.0,1.02,6302.0
744.0,0.0,1184.551313426206,0.17,20.0,1.0,729533.4,869012.88,12.0,27.0,5.0,1.0,1.02,6302.0
745.0,0.0,749.7705412595409,0.4,20.0,1.0,729532.98,869013.12,12.0,27.0,5.0,1.0,1.02,6302.0
746.0,0.0,718.8652246670139,0.27,20.0,1.0,729533.54,869012.83,12.0,27.0,5.0,1.0,1.02,6302.0
747.0,0.0,864.1407166476135,0.15,20.0,1.0,729533.25,869012.98,12.0,27.0,5.0,1.0,1.02,6302.0
748.0,0.0,884.9376984815236,2.53,20.0,1.0,729533.14,869010.53,12.0,27.0,5.0,1.0,1.02,6302.0
749.0,0.0,800.7580328732338,1.86,20.0,1.0,729533.87,869011.25,12.0,27.0,5.0,1.0,1.02,6302.0
750.0,0.0,669.8967259747836,0.99,20.0,1.0,729534.28,869013.45,12.0,27.0,5.0,1.0,1.02,6302.0
751.0,0.0,723.7037510344078,0.37,20.0,1.0,729533.7,869012.85,12.0,27.0,5.0,1.0,1.02,6302.0
752.0,0.0,509.350439534402,2.12,20.0,1.0,729534.43,869014.89,12.0,27.0,5.0,1.0,1.02,6302.0
753.0,0.0,478.4707147038316,1.14,14.0,1.0,729534.52,869012.95,12.0,27.0,5.0,1.0,1.02,6302.0
754.0,0.0,507.20413754771766,2.22,20.0,1.0,729535.03,869014.53,12.0,27.0,5.0,1.0,1.02,6302.0
755.0,0.0,705.3930034539269,1.06,20.0,1.0,729532.49,869013.63,12.0,27.0,5.0,1.0,1.02,6302.0
756.0,0.0,527.6685369971312,0.39,20.0,1.0,729533.08,869013.3,12.0,27.0,5.0,1.0,1.02,6302.0
757.0,0.0,533.9250411623754,2.04,20.0,1.0,729535.2,869012.11,12.0,27.0,5.0,1.0,1.02,6302.0
758.0,0.0,286.76202493583463,1.98,20.0,1.0,729534.48,869011.4,12.0,27.0,5.0,1.0,1.02,6302.0
759.0,0.0,540.4710751240652,0.26,20.0,1.0,729533.64,869013.05,12.0,27.0,5.0,1.0,1.02,6302.0
760.0,0.0,498.4509910125602,1.89,20.0,1.0,729533.09,869014.91,12.0,27.0,5.0,1.0,1.02,6302.0
761.0,0.0,383.5134967327216,0.48,20.0,1.0,729533.3,869013.52,12.0,27.0,5.0,1.0,1.02,6302.0
762.0,0.0,224.93761285192872,0.3,16.0,1.0,729533.47,869013.34,12.0,27.0,5.0,1.0,1.02,6302.0
763.0,0.0,195.15362101049803,2.33,20.0,1.0,729533.71,869010.74,12.0,27.0,5.0,1.0,1.02,6302.0
764.0,0.0,154.19990343610223,2.9,20.0,79.0,729536.23,869013.61,12.0,27.0,4.0,1.0,0.816,5302.0
765.0,0.0,255.1492527492345,3.45,20.0,1.0,729536.28,869011.18,12.0,27.0,5.0,1.0,1.02,6302.0
766.0,0.0,306.32527857078026,1.27,20.0,1.0,729534.65,869013.07,12.0,27.0,5.0,1.0,1.02,6302.0
767.0,0.0,147.4866110878912,2.08,20.0,1.0,729532.35,869014.86,12.0,27.0,5.0,1.0,1.02,6302.0
768.0,0.0,252.4683410872272,1.66,20.0,1.0,729532.75,869014.58,12.0,27.0,5.0,1.0,1.02,6302.0
769.0,0.0,240.2712782479365,1.21,20.0,1.0,729534.57,869012.83,12.0,27.0,5.0,1.0,1.02,6302.0
770.0,0.0,381.09229360320575,0.85,20.0,1.0,729532.67,869013.52,12.0,27.0,5.0,1.0,1.02,6302.0
771.0,0.0,202.05075882691293,0.94,20.0,1.0,729532.84,869013.82,12.0,27.0,5.0,1.0,1.02,6302.0
772.0,0.0,603.802387062647,0.8,20.0,80.0,729532.91,869012.4,12.0,27.0,1.0,1.0,0.204,2302.0
773.0,0.0,445.1667113008424,1.19,20.0,1.0,729532.56,869013.91,12.0,27.0,5.0,1.0,1.02,6302.0
774.0,0.0,573.9279346181924,1.53,20.0,1.0,729534.85,869012.59,12.0,27.0,5.0,1.0,1.02,6302.0
775.0,0.0,579.7206720596788,0.42,20.0,1.0,729532.96,869013.08,12.0,27.0,5.0,1.0,1.02,6302.0
776.0,0.0,621.412461490174,1.33,20.0,1.0,729534.53,869013.72,12.0,27.0,5.0,1.0,1.02,6302.0
777.0,0.0,590.8534958696304,1.23,20.0,1.0,729532.83,869011.95,12.0,27.0,5.0,1.0,1.02,6302.0
778.0,0.0,721.0462515864964,0.86,20.0,1.0,729534.15,869012.66,12.0,27.0,5.0,1.0,1.02,6302.0
779.0,0.0,898.5263240859944,1.16,20.0,1.0,729534.35,869013.69,12.0,27.0,5.0,1.0,1.02,6302.0
780.0,0.0,824.9609283377661,0.65,20.0,1.0,729532.73,869013.12,12.0,27.0,5.0,1.0,1.02,6302.0
781.0,0.0,908.2232064231898,2.98,20.0,1.0,729536.31,869013.61,12.0,27.0,5.0,1.0,1.02,6302.0
782.0,0.0,1223.746023685697,1.21,20.0,1.0,729533.18,869014.24,12.0,27.0,5.0,1.0,1.02,6302.0
783.0,0.0,1176.4195988305494,1.39,20.0,1.0,729533.57,869011.67,12.0,27.0,5.0,1.0,1.02,6302.0
784.0,0.0,1119.8657832109348,2.48,20.0,1.0,729531.22,869011.85,12.0,27.0,5.0,1.0,1.02,6302.0
785.0,0.0,1145.4731437147072,3.25,20.0,1.0,729534.72,869010.08,12.0,27.0,5.0,1.0,1.02,6302.0
786.0,0.0,1281.07824290788,1.14,16.0,1.0,729533.73,869011.97,12.0,27.0,5.0,1.0,1.02,6302.0
787.0,0.0,1436.702654904059,0.46,20.0,1.0,729533.35,869012.59,12.0,27.0,5.0,1.0,1.02,6302.0
788.0,0.0,1423.2258855197572,0.9,20.0,1.0,729533.32,869012.15,12.0,27.0,5.0,1.0,1.02,6302.0
789.0,0.0,1591.5585289684343,0.66,20.0,1.0,729533.53,869013.69,12.0,27.0,5.0,1.0,1.02,6302.0
790.0,0.0,1665.5648991418684,1.39,20.0,1.0,729531.99,869012.95,12.0,27.0,5.0,1.0,1.02,6302.0
791.0,0.0,1582.0257176165414,0.65,20.0,1.0,729534.0,869012.83,12.0,27.0,5.0,1.0,1.02,6302.0
792.0,0.0,1880.60799789871,0.43,20.0,1.0,729532.96,869013.13,12.0,27.0,5.0,1.0,1.02,6302.0
793.0,0.0,1855.53444242869,0.84,20.0,1.0,729534.17,869012.76,12.0,27.0,5.0,1.0,1.02,6302.0
794.0,0.0,1802.8421218242268,1.46,20.0,1.0,729533.47,869014.51,12.0,27.0,5.0,1.0,1.02,6302.0
795.0,0.0,1765.8458738234729,1.09,20.0,1.0,729533.85,869012.06,12.0,27.0,5.0,1.0,1.02,6302.0
796.0,0.0,2173.949398515977,1.21,20.0,1.0,729534.46,869013.61,12.0,27.0,5.0,1.0,1.02,6302.0
797.0,0.0,2044.0998641200265,0.83,20.0,1.0,729533.02,869012.3,12.0,27.0,5.0,1.0,1.02,6302.0
798.0,0.0,2042.7752965906425,2.97,20.0,1.0,729530.43,869013.39,12.0,27.0,5.0,1.0,1.02,6302.0
799.0,0.0,2188.088110417881,0.6,20.0,1.0,729533.21,869013.63,12.0,27.0,5.0,1.0,1.02,6302.0
800.0,0.0,1961.5431543745133,0.57,20.0,1.0,729532.83,869012.91,12.0,27.0,5.0,1.0,1.02,6302.0
801.0,0.0,1667.2261577822785,1.34,17.0,1.0,729534.37,869013.96,12.0,27.0,5.0,1.0,1.02,6302.0
802.0,0.0,1650.999576949148,0.11,20.0,1.0,729533.49,869013.04,12.0,27.0,5.0,1.0,1.02,6302.0
803.0,0.0,1703.583755905353,0.84,20.0,1.0,729532.7,869013.54,12.0,27.0,5.0,1.0,1.02,6302.0
804.0,0.0,1473.8603969283129,0.41,20.0,1.0,729533.03,869013.25,12.0,27.0,5.0,1.0,1.02,6302.0
805.0,0.0,1294.715640032504,0.56,20.0,1.0,729533.27,869012.5,12.0,27.0,5.0,1.0,1.02,6302.0
806.0,0.0,1356.537788381574,2.38,20.0,1.0,729532.77,869010.74,12.0,27.0,5.0,1.0,1.02,6302.0
807.0,0.0,1290.1740034363836,1.0,20.0,1.0,729532.38,869013.12,12.0,27.0,5.0,1.0,1.02,6302.0
808.0,0.0,1459.495477221066,1.61,17.0,1.0,729531.92,869013.73,12.0,27.0,5.0,1.0,1.02,6302.0
809.0,0.0,1377.505192520977,0.56,20.0,1.0,729533.5,869013.59,12.0,27.0,5.0,1.0,1.02,6302.0
810.0,0.0,1254.5515952269693,0.09,20.0,1.0,729533.38,869012.96,12.0,27.0,5.0,1.0,1.02,6302.0
811.0,0.0,1069.1170875059604,1.51,16.0,1.0,729532.6,869011.76,12.0,27.0,5.0,1.0,1.02,6302.0
812.0,0.0,1147.075456671856,0.59,20.0,1.0,729532.8,869013.14,12.0,27.0,5.0,1.0,1.02,6302.0
813.0,0.0,1184.3482405850173,1.42,20.0,1.0,729533.87,869011.72,12.0,27.0,5.0,1.0,1.02,6302.0
814.0,0.0,1179.3229197318194,0.82,17.0,1.0,729533.38,869012.23,12.0,27.0,5.0,1.0,1.02,6302.0
815.0,0.0,1063.7563695437116,3.7,20.0,1.0,729533.49,869009.35,12.0,27.0,5.0,1.0,1.02,6302.0
816.0,0.0,980.1727409877172,0.65,20.0,1.0,729533.49,869013.69,12.0,27.0,5.0,1.0,1.02,6302.0
817.0,0.0,850.9493561125718,0.76,20.0,1.0,729533.37,869012.29,12.0,27.0,5.0,1.0,1.02,6302.0
818.0,0.0,944.6695731948172,0.73,20.0,1.0,729533.86,869013.6,12.0,27.0,5.0,1.0,1.02,6302.0
819.0,0.0,842.8988499989077,2.29,20.0,1.0,729533.17,869015.33,12.0,27.0,5.0,1.0,1.02,6302.0
820.0,0.0,845.0708472512182,2.16,14.0,1.0,729533.44,869010.89,12.0,27.0,5.0,1.0,1.02,6302.0
821.0,0.0,1006.6360193835292,0.46,20.0,1.0,729532.96,869013.23,12.0,27.0,5.0,1.0,1.02,6302.0
822.0,0.0,1033.464095006022,1.3,20.0,1.0,729532.19,869013.57,12.0,27.0,5.0,1.0,1.02,6302.0
823.0,0.0,585.9947361601295,0.1,20.0,1.0,729533.31,869012.98,12.0,27.0,5.0,1.0,1.02,6302.0
824.0,0.0,623.2230341265044,1.56,15.0,1.0,729532.24,869011.99,12.0,27.0,5.0,1.0,1.02,6302.0
825.0,0.0,562.3536826545716,2.69,20.0,1.0,729533.3,869010.36,12.0,27.0,5.0,1.0,1.02,6302.0
826.0,0.0,811.701122270517,1.44,15.0,1.0,729533.93,869011.71,12.0,27.0,5.0,1.0,1.02,6302.0
827.0,0.0,593.1782935063302,0.53,20.0,1.0,729533.16,869012.57,12.0,27.0,5.0,1.0,1.02,6302.0
828.0,0.0,734.7987704454471,1.59,20.0,1.0,729534.96,869013.25,12.0,27.0,5.0,1.0,1.02,6302.0
829.0,0.0,417.70816243540406,1.4,20.0,1.0,729534.25,869014.15,12.0,27.0,5.0,1.0,1.02,6302.0
830.0,0.0,427.18133734185886,1.31,20.0,1.0,729533.53,869014.35,12.0,27.0,5.0,1.0,1.02,6302.0
831.0,0.0,561.73365860382,2.2,20.0,1.0,729531.94,869011.38,12.0,27.0,5.0,1.0,1.02,6302.0
832.0,0.0,469.27363098234775,0.54,15.0,1.0,729532.88,869013.24,12.0,27.0,5.0,1.0,1.02,6302.0
833.0,0.0,422.5561833443724,0.29,20.0,1.0,729533.4,869012.75,12.0,27.0,5.0,1.0,1.02,6302.0
834.0,0.0,227.16197313877785,2.37,20.0,1.0,729533.23,869015.41,12.0,27.0,5.0,1.0,1.02,6302.0
835.0,0.0,177.81215827597646,0.14,20.0,1.0,729533.48,869013.16,12.0,27.0,5.0,1.0,1.02,6302.0
836.0,0.0,271.8010906567131,1.46,16.0,1.0,729534.73,869013.62,12.0,27.0,5.0,1.0,1.02,6302.0
837.0,0.0,233.7172806311667,1.91,20.0,1.0,729533.38,869011.14,12.0,27.0,5.0,1.0,1.02,6302.0
838.0,0.0,132.5692477625167,3.28,19.0,1.0,729530.78,869015.05,12.0,27.0,5.0,1.0,1.02,6302.0
839.0,0.0,78.52535809517002,0.31,20.0,1.0,729533.07,869013.04,12.0,27.0,5.0,1.0,1.02,6302.0
840.0,0.0,36.70825546258311,2.58,16.0,1.0,729535.29,869014.78,12.0,27.0,5.0,1.0,1.02,6302.0
841.0,0.0,30.612374636573414,0.76,20.0,1.0,729533.81,869012.42,12.0,27.0,5.0,1.0,1.02,6302.0
842.0,0.0,41.1354633320805,0.19,20.0,1.0,729533.57,869012.99,12.0,27.0,5.0,1.0,1.02,6302.0
843.0,0.0,264.18470543060306,0.82,20.0,1.0,729533.78,869013.77,12.0,27.0,5.0,1.0,1.02,6302.0
844.0,0.0,309.30146219083525,0.66,20.0,1.0,729532.72,869013.0,12.0,27.0,5.0,1.0,1.02,6302.0
845.0,0.0,377.5272715580437,9.99,17.0,1.0,729534.13,869003.09,12.0,27.0,5.0,1.0,1.02,6302.0
846.0,0.0,384.2602442385159,0.29,16.0,1.0,729533.29,869013.33,12.0,27.0,5.0,1.0,1.02,6302.0
847.0,0.0,233.96893231552585,0.44,14.0,1.0,729533.54,869012.64,12.0,27.0,5.0,1.0,1.02,6302.0
848.0,0.0,301.7450310415712,1.67,20.0,1.0,729533.23,869011.39,12.0,27.0,5.0,1.0,1.02,6302.0
849.0,0.0,259.9964464336099,2.57,20.0,1.0,729533.26,869010.48,12.0,27.0,5.0,1.0,1.02,6302.0
850.0,0.0,510.0286435103711,1.06,20.0,1.0,729534.38,869012.69,12.0,27.0,5.0,1.0,1.02,6302.0
851.0,0.0,464.4535073755971,1.31,20.0,1.0,729534.18,869014.08,12.0,27.0,5.0,1.0,1.02,6302.0
852.0,0.0,539.1233724350759,0.86,20.0,1.0,729532.83,869012.38,12.0,27.0,5.0,1.0,1.02,6302.0
853.0,0.0,485.15830126069073,1.31,20.0,1.0,729532.28,869012.34,12.0,27.0,5.0,1.0,1.02,6302.0
854.0,0.0,564.1958213299309,2.47,20.0,1.0,729535.63,869012.02,12.0,27.0,5.0,1.0,1.02,6302.0
855.0,0.0,857.153280628301,0.27,20.0,1.0,729533.13,869012.97,12.0,27.0,5.0,1.0,1.02,6302.0
856.0,0.0,689.8844392722583,0.71,14.0,1.0,729532.78,869012.66,12.0,27.0,5.0,1.0,1.02,6302.0
857.0,0.0,625.9079718248582,0.34,20.0,1.0,729533.64,869012.82,12.0,27.0,5.0,1.0,1.02,6302.0
858.0,0.0,1032.6965419973756,0.68,16.0,1.0,729533.43,869013.73,12.0,27.0,5.0,1.0,1.02,6302.0
859.0,0.0,993.1120186845334,2.09,20.0,1.0,729533.52,869010.96,12.0,27.0,5.0,1.0,1.02,6302.0
860.0,0.0,1088.3302871758372,2.6,20.0,1.0,729532.21,869015.37,12.0,27.0,5.0,1.0,1.02,6302.0
861.0,0.0,1054.0454975138398,0.69,17.0,1.0,729532.98,869013.61,12.0,27.0,5.0,1.0,1.02,6302.0
862.0,0.0,1140.243143771063,1.36,20.0,1.0,729533.41,869011.69,12.0,27.0,5.0,1.0,1.02,6302.0
863.0,0.0,1325.3537590616234,0.54,20.0,1.0,729532.84,869012.99,12.0,27.0,5.0,1.0,1.02,6302.0
864.0,0.0,1181.7608507015234,1.51,20.0,1.0,729534.77,869013.66,12.0,27.0,5.0,1.0,1.02,6302.0
865.0,0.0,1396.1638442071985,2.68,17.0,1.0,729536.06,869013.09,12.0,27.0,5.0,1.0,1.02,6302.0
866.0,0.0,1390.649054303172,3.0,20.0,1.0,729536.38,869012.88,12.0,27.0,5.0,1.0,1.02,6302.0
867.0,0.0,1396.7379911203736,0.86,20.0,1.0,729533.99,869012.44,12.0,27.0,5.0,1.0,1.02,6302.0
868.0,0.0,1548.5327652763754,0.63,20.0,1.0,729533.98,869013.25,12.0,27.0,5.0,1.0,1.02,6302.0
869.0,0.0,1797.4048044957924,3.18,20.0,1.0,729535.42,869010.61,12.0,27.0,5.0,1.0,1.02,6302.0
870.0,0.0,1593.4749760788543,1.23,20.0,1.0,729534.61,869013.0,12.0,27.0,5.0,1.0,1.02,6302.0
871.0,0.0,1780.5206019978489,1.65,20.0,1.0,729534.85,869012.29,12.0,27.0,5.0,1.0,1.02,6302.0
872.0,0.0,1598.4779205154691,0.85,20.0,1.0,729534.2,869012.83,12.0,27.0,5.0,1.0,1.02,6302.0
873.0,0.0,1941.7657661180672,3.33,20.0,1.0,729533.71,869016.36,12.0,27.0,5.0,1.0,1.02,6302.0
874.0,0.0,2016.4871810707848,0.73,17.0,1.0,729533.23,869012.34,12.0,27.0,5.0,1.0,1.02,6302.0
875.0,0.0,2008.61216014316,1.48,20.0,1.0,729532.11,869012.31,12.0,27.0,5.0,1.0,1.02,6302.0
876.0,0.0,1832.2973969013087,5.28,20.0,1.0,729536.11,869008.52,12.0,27.0,5.0,1.0,1.02,6302.0
877.0,0.0,2240.553991776892,1.33,20.0,1.0,729532.52,869014.06,12.0,27.0,5.0,1.0,1.02,6302.0
878.0,0.0,2281.4897298462247,2.06,20.0,1.0,729533.22,869011.0,12.0,27.0,5.0,1.0,1.02,6302.0
879.0,0.0,2135.719172587797,1.76,15.0,1.0,729531.63,869012.87,12.0,27.0,5.0,1.0,1.02,6302.0
880.0,0.0,2144.6561197714323,2.03,20.0,1.0,729535.41,869012.95,12.0,27.0,5.0,1.0,1.02,6302.0
881.0,0.0,2221.2550255567985,1.05,20.0,1.0,729534.41,869012.81,12.0,27.0,5.0,1.0,1.02,6302.0
882.0,0.0,2213.89761527011,0.37,20.0,1.0,729533.48,869013.41,12.0,27.0,5.0,1.0,1.02,6302.0
883.0,0.0,1562.2159479357158,2.17,20.0,1.0,729535.5,869012.56,12.0,27.0,5.0,1.0,1.02,6302.0
884.0,0.0,1506.10609693845,2.91,20.0,1.0,729536.28,869012.73,12.0,27.0,5.0,1.0,1.02,6302.0
885.0,0.0,1503.7030766850696,1.26,20.0,1.0,729532.44,869012.21,12.0,27.0,5.0,1.0,1.02,6302.0
886.0,0.0,1476.292676865488,0.33,17.0,1.0,729533.05,869013.01,12.0,27.0,5.0,1.0,1.02,6302.0
887.0,0.0,1326.3632731527898,2.62,20.0,1.0,729535.95,869012.55,12.0,27.0,5.0,1.0,1.02,6302.0
888.0,0.0,1336.341316891125,3.61,20.0,1.0,729533.87,869009.47,12.0,27.0,5.0,1.0,1.02,6302.0
889.0,0.0,1327.428309668393,0.62,20.0,1.0,729533.32,869013.67,12.0,27.0,5.0,1.0,1.02,6302.0
890.0,0.0,1110.8998875936052,1.19,20.0,1.0,729532.22,869013.27,12.0,27.0,5.0,1.0,1.02,6302.0
891.0,0.0,1000.8501059264428,1.73,16.0,1.0,729533.15,869014.76,12.0,27.0,5.0,1.0,1.02,6302.0
892.0,0.0,998.4357888626998,1.51,20.0,1.0,729532.07,869012.3,12.0,27.0,5.0,1.0,1.02,6302.0
893.0,0.0,1080.650660352255,1.75,20.0,1.0,729535.06,869013.54,12.0,27.0,5.0,1.0,1.02,6302.0
894.0,0.0,1104.45892065108,1.34,20.0,1.0,729534.56,869013.67,12.0,27.0,5.0,1.0,1.02,6302.0
895.0,0.0,950.0543363401,0.27,20.0,1.0,729533.3,869013.3,12.0,27.0,5.0,1.0,1.02,6302.0
896.0,0.0,1073.6668624244712,1.29,20.0,1.0,729533.92,869014.21,12.0,27.0,5.0,1.0,1.02,6302.0
897.0,0.0,894.851374638366,2.02,20.0,1.0,729531.57,869012.16,12.0,27.0,5.0,1.0,1.02,6302.0
898.0,0.0,860.815925860255,2.24,20.0,1.0,729534.45,869015.02,12.0,27.0,5.0,1.0,1.02,6302.0
899.0,0.0,963.299804073728,1.68,20.0,1.0,729533.84,869014.66,12.0,27.0,5.0,1.0,1.02,6302.0
900.0,0.0,843.249289908541,1.17,16.0,1.0,729532.21,869013.13,12.0,27.0,5.0,1.0,1.02,6302.0
901.0,0.0,935.8041046605794,0.46,20.0,1.0,729533.39,869012.59,12.0,27.0,5.0,1.0,1.02,6302.0
902.0,0.0,755.0915051389595,0.66,20.0,1.0,729533.16,869013.67,12.0,27.0,5.0,1.0,1.02,6302.0
903.0,0.0,709.248223020675,1.36,20.0,1.0,729532.33,869013.91,12.0,27.0,5.0,1.0,1.02,6302.0
904.0,0.0,786.946562246789,0.18,20.0,1.0,729533.36,869013.23,12.0,27.0,5.0,1.0,1.02,6302.0
905.0,0.0,774.5885794631159,0.14,20.0,1.0,729533.45,869012.92,12.0,27.0,5.0,1.0,1.02,6302.0
906.0,0.0,903.344598804194,1.35,20.0,1.0,729532.66,869014.19,12.0,27.0,5.0,1.0,1.02,6302.0
907.0,0.0,911.0718251118116,1.31,20.0,1.0,729533.32,869011.74,12.0,27.0,5.0,1.0,1.02,6302.0
908.0,0.0,731.302998777321,1.17,20.0,1.0,729534.14,869013.94,12.0,27.0,5.0,1.0,1.02,6302.0
909.0,0.0,911.9498217375566,5.37,20.0,1.0,729533.24,869007.68,12.0,27.0,5.0,1.0,1.02,6302.0
910.0,0.0,791.8905925572326,1.69,17.0,1.0,729534.39,869011.69,12.0,27.0,5.0,1.0,1.02,6302.0
911.0,0.0,516.2922391925199,0.67,20.0,1.0,729534.03,869013.19,12.0,27.0,5.0,1.0,1.02,6302.0
912.0,0.0,695.3848117101451,0.61,20.0,1.0,729533.59,869012.48,12.0,27.0,5.0,1.0,1.02,6302.0
913.0,0.0,719.4001154339128,3.71,18.0,1.0,729529.99,869011.55,12.0,27.0,5.0,1.0,1.02,6302.0
914.0,0.0,671.9520599259343,0.13,20.0,1.0,729533.45,869013.16,12.0,27.0,5.0,1.0,1.02,6302.0
915.0,0.0,665.6563595810528,0.06,16.0,1.0,729533.43,869013.08,12.0,27.0,5.0,1.0,1.02,6302.0
916.0,0.0,626.7618853353341,3.34,16.0,1.0,729536.61,869013.93,12.0,27.0,5.0,1.0,1.02,6302.0
917.0,0.0,380.2246739292452,1.46,16.0,1.0,729533.65,869011.61,12.0,27.0,5.0,1.0,1.02,6302.0
918.0,0.0,570.5008281226354,0.91,20.0,1.0,729533.32,869012.14,12.0,27.0,5.0,1.0,1.02,6302.0
919.0,0.0,462.5566030950719,1.04,20.0,1.0,729533.34,869014.09,12.0,27.0,5.0,1.0,1.02,6302.0
920.0,0.0,484.1872565159506,1.85,20.0,1.0,729533.11,869011.22,12.0,27.0,5.0,1.0,1.02,6302.0
921.0,0.0,296.4773420341004,1.85,20.0,1.0,729531.54,869013.21,12.0,27.0,5.0,1.0,1.02,6302.0
922.0,0.0,370.2285138997295,2.45,20.0,1.0,729531.77,869014.89,12.0,27.0,5.0,1.0,1.02,6302.0
923.0,0.0,179.70471083454626,1.44,14.0,1.0,729533.63,869014.47,12.0,27.0,5.0,1.0,1.02,6302.0
924.0,0.0,261.5025544735697,2.43,20.0,1.0,729530.99,869013.48,12.0,27.0,5.0,1.0,1.02,6302.0
925.0,0.0,349.1841813260781,2.13,20.0,1.0,729532.74,869011.02,12.0,27.0,5.0,1.0,1.02,6302.0
926.0,0.0,408.2117777465377,3.73,20.0,1.0,729536.08,869015.63,12.0,27.0,5.0,1.0,1.02,6302.0
927.0,0.0,285.3149190397653,1.4,15.0,1.0,729533.69,869014.41,12.0,27.0,5.0,1.0,1.02,6302.0
928.0,0.0,248.96491444217,1.0,17.0,1.0,729534.29,869013.45,12.0,27.0,5.0,1.0,1.02,6302.0
929.0,0.0,315.48844200538866,1.72,18.0,1.0,729534.11,869014.6,12.0,27.0,5.0,1.0,1.02,6302.0
930.0,0.0,373.1587177076378,0.3,20.0,1.0,729533.32,869013.34,12.0,27.0,5.0,1.0,1.02,6302.0
931.0,0.0,297.6200883470232,2.06,20.0,1.0,729531.35,869012.72,12.0,27.0,5.0,1.0,1.02,6302.0
932.0,0.0,582.7286249319432,1.38,20.0,1.0,729533.66,869011.69,12.0,27.0,5.0,1.0,1.02,6302.0
933.0,0.0,502.493514190096,0.93,20.0,1.0,729534.03,869013.71,12.0,27.0,5.0,1.0,1.02,6302.0
934.0,0.0,420.46184071031394,1.75,20.0,1.0,729532.12,869011.84,12.0,27.0,5.0,1.0,1.02,6302.0
935.0,0.0,539.6663128803559,1.84,20.0,1.0,729535.22,869013.03,12.0,27.0,5.0,1.0,1.02,6302.0
936.0,0.0,513.8267314966262,1.39,20.0,1.0,729532.31,869013.94,12.0,27.0,5.0,1.0,1.02,6302.0
937.0,0.0,671.0174371849986,2.53,20.0,1.0,729535.41,869011.54,12.0,27.0,5.0,1.0,1.02,6302.0
938.0,0.0,801.3163078247036,0.48,20.0,1.0,729533.77,869012.77,12.0,27.0,5.0,1.0,1.02,6302.0
939.0,0.0,814.9411024053855,2.2,20.0,1.0,729531.18,869012.89,12.0,27.0,5.0,1.0,1.02,6302.0
940.0,0.0,683.5736107969293,1.99,20.0,1.0,729535.14,869012.11,12.0,27.0,5.0,1.0,1.02,6302.0
941.0,0.0,669.8901682413642,1.1,15.0,1.0,729533.29,869011.96,12.0,27.0,5.0,1.0,1.02,6302.0
942.0,0.0,1009.8651902433328,1.26,20.0,1.0,729533.04,869014.26,12.0,27.0,5.0,1.0,1.02,6302.0
943.0,0.0,971.9627161009608,0.39,17.0,1.0,729533.04,869013.22,12.0,27.0,5.0,1.0,1.02,6302.0
944.0,0.0,860.0356123061688,2.33,20.0,1.0,729533.15,869015.36,12.0,27.0,5.0,1.0,1.02,6302.0
945.0,0.0,1002.3326481468948,1.11,20.0,1.0,729534.05,869012.16,12.0,27.0,5.0,1.0,1.02,6302.0
946.0,0.0,1119.932899761826,2.28,20.0,1.0,729531.12,869013.37,12.0,27.0,5.0,1.0,1.02,6302.0
947.0,0.0,1213.1783391988663,1.56,20.0,1.0,729534.78,869013.75,12.0,27.0,5.0,1.0,1.02,6302.0
948.0,0.0,1035.759434466216,1.34,20.0,1.0,729533.28,869011.71,12.0,27.0,5.0,1.0,1.02,6302.0
949.0,0.0,1155.8373435658712,1.69,20.0,1.0,729531.97,869013.98,12.0,27.0,5.0,1.0,1.02,6302.0
950.0,0.0,1089.576902442676,0.84,20.0,1.0,729533.98,869013.64,12.0,27.0,5.0,1.0,1.02,6302.0
951.0,0.0,1189.637094743775,1.77,20.0,1.0,729532.7,869014.68,12.0,27.0,5.0,1.0,1.02,6302.0
952.0,0.0,1183.4417963190592,3.05,15.0,1.0,729534.38,869015.93,12.0,27.0,5.0,1.0,1.02,6302.0
953.0,0.0,1475.4915485929805,0.57,20.0,1.0,729533.46,869012.48,12.0,27.0,5.0,1.0,1.02,6302.0
954.0,0.0,1389.54826403627,1.11,16.0,1.0,729534.49,869013.17,12.0,27.0,5.0,1.0,1.02,6302.0
955.0,0.0,1375.041744287953,0.52,20.0,1.0,729533.72,869012.65,12.0,27.0,5.0,1.0,1.02,6302.0
956.0,0.0,1473.354251779095,0.46,20.0,1.0,729533.84,869013.13,12.0,27.0,5.0,1.0,1.02,6302.0
957.0,0.0,1398.8157759113417,0.38,20.0,1.0,729533.34,869012.67,12.0,27.0,5.0,1.0,1.02,6302.0
958.0,0.0,1625.218428798752,1.18,18.0,1.0,729533.02,869011.92,12.0,27.0,5.0,1.0,1.02,6302.0
959.0,0.0,1592.3972481330725,1.84,20.0,1.0,729531.71,869012.28,12.0,27.0,5.0,1.0,1.02,6302.0
960.0,0.0,1564.4500709486897,1.41,20.0,1.0,729532.98,869014.4,12.0,27.0,5.0,1.0,1.02,6302.0
961.0,0.0,1573.6102644610733,1.58,20.0,1.0,729533.56,869011.48,12.0,27.0,5.0,1.0,1.02,6302.0
962.0,0.0,1585.843785722716,0.43,20.0,1.0,729533.64,869013.39,12.0,27.0,5.0,1.0,1.02,6302.0
963.0,0.0,1525.8502607917114,3.01,18.0,1.0,729532.16,869010.3,12.0,27.0,5.0,1.0,1.02,6302.0
964.0,0.0,1862.304126184825,3.81,20.0,1.0,729529.95,869011.4,12.0,27.0,5.0,1.0,1.02,6302.0
965.0,0.0,1842.05502982592,5.05,20.0,1.0,729531.08,869008.55,12.0,27.0,5.0,1.0,1.02,6302.0
966.0,0.0,1797.478954394598,1.83,20.0,1.0,729533.69,869011.25,12.0,27.0,5.0,1.0,1.02,6302.0
967.0,0.0,1862.9497646454024,0.3,20.0,1.0,729533.57,869012.81,12.0,27.0,5.0,1.0,1.02,6302.0
968.0,0.0,1964.4835764017105,1.17,16.0,1.0,729533.87,869014.11,12.0,27.0,5.0,1.0,1.02,6302.0
969.0,0.0,1885.4410221485743,0.51,20.0,1.0,729533.87,869012.9,12.0,27.0,5.0,1.0,1.02,6302.0
970.0,0.0,1847.1270871122072,1.08,20.0,1.0,729533.31,869011.97,12.0,27.0,5.0,1.0,1.02,6302.0
971.0,0.0,2118.072389683158,0.82,20.0,1.0,729533.69,869012.28,12.0,27.0,5.0,1.0,1.02,6302.0
972.0,0.0,2065.928337523042,3.44,20.0,1.0,729535.99,869015.29,12.0,27.0,5.0,1.0,1.02,6302.0
973.0,0.0,1964.9408727075383,0.98,20.0,1.0,729532.41,869012.93,12.0,27.0,5.0,1.0,1.02,6302.0
974.0,0.0,2068.731044184958,2.24,17.0,1.0,729532.86,869010.87,12.0,27.0,5.0,1.0,1.02,6302.0
975.0,0.0,2130.9025214807048,1.48,20.0,1.0,729534.13,869011.76,12.0,27.0,5.0,1.0,1.02,6302.0
976.0,0.0,2232.791351664047,1.37,17.0,1.0,729533.46,869014.41,12.0,27.0,5.0,1.0,1.02,6302.0
977.0,0.0,1696.8639048155974,0.38,20.0,1.0,729533.74,869012.92,12.0,27.0,5.0,1.0,1.02,6302.0
978.0,0.0,1276.81120350557,1.18,20.0,1.0,729534.13,869013.95,12.0,27.0,5.0,1.0,1.02,6302.0
979.0,0.0,936.7531904890744,0.94,20.0,1.0,729533.58,869013.97,12.0,27.0,5.0,1.0,1.02,6302.0
980.0,0.0,863.1883831655625,2.47,20.0,1.0,729535.85,869012.94,12.0,27.0,5.0,1.0,1.02,6302.0
981.0,0.0,1065.397263098423,1.48,20.0,1.0,729531.96,869012.64,12.0,27.0,5.0,1.0,1.02,6302.0
982.0,0.0,1958.65592982028,0.73,20.0,1.0,729533.74,869013.68,12.0,27.0,5.0,1.0,1.02,6302.0
