id,x,y
0,729499.2901638073,870112.4497088164
1,727754.6718143016,868781.026180307
2,727108.571735743,870112.9886469311
3,729127.8394274627,868077.6221992816
4,726797.4529803251,867907.2565995676
5,727780.089612132,870827.0123865547
6,726509.6651327309,869323.1086176834
7,728508.8496771527,870706.1571134076
8,729505.305324675,869021.8186805509
9,726164.7002833944,870140.5907176429
10,728528.4250066625,870040.1928285761
11,727923.4513807496,869594.0617687132
12,729803.7763047632,870878.2182561175
13,728201.8079410117,868140.3457247491
14,729597.9240258572,867654.382284966
15,729779.7616783397,868320.376536388
16,726743.0296526282,871031.8215767744
17,728875.6818928982,869092.2352154512
18,728771.3027356504,867590.4050192297
19,729109.256648227,871179.4795010026
20,727265.2891716794,868355.2109661961
21,726707.3246322251,868579.0692327409
22,727007.7751647051,869451.8168421463
23,728670.505120697,868526.7935646166
24,727612.7548642495,870135.4539165711
25,727598.2740416353,867627.7001069251
26,726637.2259708007,870062.8515600052
27,729442.1311529853,869512.7167397614
28,728165.2747180257,870298.9210325524
29,728578.8689574439,869686.64384336
30,728276.9374457657,871156.5879571548
31,726243.3628516656,870857.1280588671
32,726465.1922189815,868081.6164842672
33,728637.9742384369,870194.881473059
34,729249.2350060333,868605.8248655593
35,728004.4689298992,869193.3244554411
36,729765.9236361096,870039.2949681962
37,727624.2147884,868088.6516054567
38,726721.6706942819,870425.1890740544
39,728789.7670972943,869804.2050732016
40,729140.4549091147,870955.8923217021
41,726402.235914959,868822.7315337823
42,727158.975921927,870745.9028343786
43,727970.8853149902,870377.896361476
44,729114.0343394857,867551.3633460406
45,726447.854823687,869682.1756288634
46,729799.3419644808,869148.1727387769
47,726247.1337817289,870517.7738673491
48,726587.4167165637,867640.2495557489
49,728637.1925197892,870870.8211595744
50,729559.5689358015,870641.8851769471
51,727294.975231945,869203.2306020188
52,728023.5302712056,871038.8039405154
53,727815.2788285553,869068.0238268311
54,727257.0312071946,867790.5488465977
55,726492.1440053704,871145.1480709523
56,727435.7482924194,868524.9452443979
57,727861.1919838098,869928.4045245785
58,727600.7055929569,869961.9328540476
59,726278.451288296,869464.7135261942
60,727948.9458683,868284.1169988009
61,728647.7799996372,868278.3347820418
62,729014.851389765,870305.0637221803
63,728332.325825935,867566.2383937782
64,728571.3791988578,869161.9458929753
65,729781.7668883833,871007.1712685665
66,729854.6497357101,870592.8104917507
67,729358.0087032506,869005.7281331521
68,729781.6142747075,869465.4593599674
69,726386.7355279729,868496.6570338578
70,729809.5322660642,867630.2410050837
71,729815.6022745575,870331.4748250989
72,726530.6043865714,870914.9560217832
73,729423.4179297778,867900.3103936772
74,729247.7370536478,868329.2167114107
75,726267.9249670007,867885.8039234185
76,729379.5456047176,867667.8636600417
77,729692.2198537353,868103.3975382185
78,727835.0526275247,867916.1661657947
79,727250.0429889176,870289.9716089225
80,727403.075507897,871020.7077515943
81,726743.0743809575,868860.6626552448
82,727740.6621266103,871012.5333926308
83,729607.2305909825,868827.7380575682
84,728242.7959514597,867840.6946511827
85,728221.3003742921,869463.147712639
86,727327.5564482115,868797.3238250772
87,728520.7484890344,870883.5851579044
88,728124.2296264559,870615.5284900647
89,728606.1130332726,867684.4754111436
90,728005.2746299162,868945.3307953086
91,729281.0751116058,869702.8140956538
92,727025.1919447958,869199.0899686734
93,729387.3459494746,871072.9357827036
94,729695.2612035363,868536.4680181945
95,729726.9105948952,867807.3059743231
96,728581.2090900796,871131.0522391761
97,727096.4552402233,868486.9227533516
98,727798.8553169362,870416.5731098932
99,728887.309462478,869359.3438304608
100,729133.1035610216,868786.6576919851
101,726432.9075530581,867760.5430059519
102,728578.3991549184,870390.738301265
103,729852.2803034761,868052.4693039319
104,726230.5538276751,870239.032804338
105,728162.2453438888,868409.5641162053
106,726966.142840198,870558.9378748806
107,728582.2173957312,867396.3817662766
108,729492.5518282794,867417.7720871805
109,727021.6102724313,870994.0087374465
110,729292.6843412064,868056.4623616078
111,728909.7672714257,867560.0349022916
112,728016.1602021372,869760.1354212512
113,729070.8128277562,868537.7003351754
114,727469.3403678256,867971.6700576516
115,729492.6734089784,869148.4134172822
116,729037.1975912374,867722.83221321
117,727245.8066066019,869961.6858135193
118,729002.4050467459,870726.9587562194
119,728876.7536097158,868315.2238566475
120,727657.8409544644,869567.4347933417
121,728580.6022617032,869868.37491066
122,728880.3173961461,870325.3938062596
123,726323.6632983098,869261.9266957171
124,727200.230610926,869429.639929872
125,729648.063609883,871046.2889252049
126,726871.7979175255,869931.5077547049
127,726547.9872773062,869039.492933212
128,727536.9238605364,870863.5428549302
129,728105.4803636933,871188.4214011343
130,728722.8836711895,869588.287059103
131,729660.0641117825,869626.8665534125
132,728622.8788848466,868904.5291308564
133,726703.4588883846,870226.6788629225
134,728899.240367728,869687.0388143574
135,729308.4585973263,870823.952082615
136,729814.9229460914,868995.880555034
137,727678.388026045,869028.6755309445
138,726440.1867304723,870430.914125839
139,726986.7973821422,869602.7399777225
140,727628.3354625271,867851.0460838682
141,726238.8575993066,871076.2623684071
142,729891.0252817356,868432.6901036835
143,727723.2386259049,869248.8387512763
144,726635.6434899117,868045.149512786
145,726553.0313879156,869500.0591864656
146,728657.7444298351,868443.2359806364
147,729663.721528445,868212.053533069
148,727462.0430798942,870092.324352981
149,729008.1867646647,871076.7055782559
150,728439.4754912843,870187.5835381798
151,727600.0666297446,868463.276140909
152,727852.3440996548,869775.551469826
153,729563.364070023,867802.7364897128
154,726127.5471161756,869617.2979014853
155,727412.4982674923,870448.7327081321
156,727382.4737455924,867656.7839393677
157,728826.8343210005,870126.0635341458
158,727915.8788497327,870938.5237866999
159,726292.0193782226,868106.9437221506
160,728707.2836661093,868161.3884762096
161,728398.6762087314,867990.4740706624
162,728838.031197329,867756.1331764348
163,728677.8750907852,869162.3635590432
164,729725.0086625858,869956.6240658566
165,729533.4531458598,869711.0551329426
166,726757.2753895817,867653.0056733532
167,727705.2566715105,870569.5476108863
168,726811.6752268553,868710.6519923081
169,729643.6328631261,870729.0053856391
170,727749.9754083299,869988.2318832839
171,728869.6881542864,869906.831175624
172,727566.8292609396,869791.8947939951
173,728181.2128691268,869117.4139141068
174,726521.9487090067,867902.2048487888
175,729413.1100231219,870227.839061744
176,726502.9308230493,868863.4379122898
177,726195.4252951533,868642.0459420155
178,729217.115449473,869375.0373107018
179,727801.8010310801,871130.2446033917
180,727320.2214727656,870861.6187595269
181,726348.5056176652,867546.4013041173
182,728528.5925100856,868416.8076618756
183,728769.2141714933,870765.0902588577
184,728054.817924548,869439.7179562846
185,728096.6764812083,867798.612482243
186,727382.6679820046,868410.8659340601
187,726239.37905859,868842.2021668272
188,729648.071577401,868348.0792618743
189,729630.0248712606,869178.0593195469
190,726267.7818735635,870019.133938872
191,729635.7596443616,870120.677078863
192,729881.1470104747,870206.8747571026
193,726799.9494701248,870878.0651408909
194,729930.8937556142,870769.0983120138
195,728499.4746993759,871006.4689939198
196,726200.075411852,870329.9590822819
197,727482.4185397546,869004.880786842
198,726075.0013905596,870472.8625757566
199,726563.4331665112,870359.6599935099
200,727212.1897720506,870591.0558515325
201,728277.4336788248,870864.1229666529
202,727333.3226963546,868486.6232379939
203,727107.1304281226,868682.2056859345
204,727135.7185474101,869680.3581349502
205,726124.7248605107,869262.2404508914
206,726324.2298220141,869591.1837698116
207,729202.5653394989,868460.2396072347
208,729368.817824805,868812.1913831854
209,729366.4578166939,871154.076034673
210,727312.4245609952,868001.112226808
211,728759.0140964366,870404.1325559502
212,726912.2258432467,869258.5082426612
213,727001.3074122851,868389.3343100713
214,728465.4200841318,867538.9557697105
215,728447.3370459208,868620.8581809484
216,728909.7185193875,868584.0886632036
217,726478.4210350104,870739.8173427202
218,726604.2052631022,869925.9939914981
219,727794.4957846573,868881.57345199
220,727520.4273692248,870690.4634948005
221,728759.9675551155,867387.3840389943
222,727955.7282182577,868478.1862944638
223,727808.25011846,867582.2949607376
224,727911.6331928722,870226.6217062061
225,727788.4297571478,868203.552832193
226,727141.1295783824,869226.8338474298
227,729271.6095633474,871117.1501359143
228,729006.0606674574,870868.4754760808
229,726962.2217635416,870050.6875703478
230,728255.0425928761,868227.1147623885
231,729876.4808393782,868245.8064008243
232,728692.6028974191,870760.8612873713
233,729282.8927181124,869536.1705330655
234,728198.5942225253,870487.9048179769
235,726900.6733652356,870287.4413755884
236,726684.923667313,867784.8017784156
237,727282.0667061061,868564.1362905211
238,727752.7533073942,869475.8093438859
239,726486.0683548554,868728.463492947
240,729364.471892548,867410.5876527365
241,726768.064806859,870037.0368412762
242,728535.3824402042,869277.9261309578
243,726383.9441746207,869424.2787941634
244,726746.735727789,871182.2837112572
245,729417.2902602624,868146.890321378
246,728722.7413645033,869327.6300989975
247,726451.5609817117,870980.053544678
248,729015.0864281469,868036.6297361918
249,729441.0248280508,868952.59003589
250,728693.3035433916,869709.087587053
251,727931.9905261477,870534.3284838808
252,728100.9612208043,868276.9914692645
253,728679.4705202696,870076.6311413345
254,728679.7822076728,871116.5806616424
255,729614.645412853,867561.7829840104
256,726536.8667245021,867494.888212631
257,727817.9357369593,869183.1322435726
258,728660.1974231648,869810.7761328273
259,727314.8080992537,870105.3822574507
260,727336.8445146822,870584.5097935349
261,728783.6888792631,868601.5653216706
262,728405.4034832498,871104.0689893736
263,729514.2956383722,870351.7364559862
264,729744.4035132261,867513.8041959764
265,729824.3758797772,869818.2911126096
266,726380.1906259455,871102.4181545696
267,729339.6060711314,870108.7555945334
268,729196.2370115514,868182.4825338667
269,729760.8775909243,870729.904487296
270,728952.7210360281,867501.6880097896
271,729035.7360887938,867501.9321638013
272,729787.0650043102,868228.9016291179
273,728374.2903081228,868137.4368222302
274,728727.0203093124,870984.2938737433
275,729542.6392242892,869409.478268931
276,728702.686860925,868344.532156447
277,729589.1281866978,868411.3426682131
278,727008.3913350186,870832.5767190544
279,727809.338420543,867827.4256003031
280,728843.7397830316,869269.2351846639
281,727207.3804647201,870385.6221910499
282,728497.5278943807,870283.2211701922
283,728001.1117434605,869924.5014151466
284,727682.6185085516,870954.639288661
285,729602.445613376,870885.688729604
286,729745.0855301308,870264.9206718713
287,728023.9904924324,867969.5027652635
288,729415.3754968026,869925.5666676293
289,728767.3339059622,869168.2749980242
290,727744.7067936254,869768.4364217634
291,727749.9631375517,868495.4467015526
292,729829.5555741863,871113.4339393693
293,727214.4011247958,870926.1762209217
294,727330.2803845104,868633.3811476671
295,726369.376842968,870884.4908752602
296,728991.2117656302,869107.1734041991
297,726335.9236218154,870138.2944986896
298,728119.783248264,870403.0623297603
299,726577.7189699763,870446.4017492266
300,727767.12166146,869672.5503678587
301,726875.0417473357,869545.1562602699
302,728062.9154524883,869561.2780090902
303,726573.2675688849,869665.3461109779
304,728753.5531751243,869084.2255354401
305,727277.6016680069,867858.5977245566
306,729636.9112867495,869024.8212250525
307,728467.8074185909,867862.7290026492
308,726354.3962153413,870315.4266203307
309,727856.9343527918,868711.0666591045
310,727024.8797893968,869348.1410102248
311,729466.8877206766,867753.2584985832
312,729223.7406131387,870762.6410505209
313,729043.4463644694,869757.1468586283
314,728110.7761026936,870894.5688485496
315,729329.0816588193,867969.5522250008
316,728871.041904627,868140.2238335039
317,727991.8586854883,868230.3016677721
318,728591.617698043,867494.7102508933
319,728971.5496360805,870182.4293546195
320,728567.8828514986,868297.8293651235
321,727486.0594812472,869881.1083919028
322,729202.7838780758,871148.3582966181
323,727678.7919552991,870052.5293791561
324,727876.7561707286,870843.7921792802
325,729525.3370221623,868781.2004412471
326,729335.1689576696,867616.9799071169
327,728279.2269644942,870352.5459098311
328,727021.2177356781,870678.3767609694
329,728772.5745841744,868264.2241050773
330,728454.2280784546,869700.1034206724
331,726443.3175515494,867883.7622194643
332,729251.37897,869036.3654954914
333,729334.8165601125,869737.3290200668
334,729731.4323146986,868416.0175463202
335,726591.4482222892,868729.1597691766
336,728096.267723509,869232.6228008755
337,726268.6816871642,868558.9750961197
338,728864.4480707338,868986.5367218041
339,726699.25128535,868154.1285207602
340,726774.8924204281,867540.2450629523
341,727381.1066456247,868341.924103112
342,728097.6812625861,869059.9322316791
343,727257.3740420786,867627.4039625642
344,726151.53702114,867948.0350251794
345,729227.4967127009,868892.1494405123
346,728360.0306384447,870675.7171869177
347,729064.4307407856,869605.5989164651
348,729129.1406194362,868710.3834469615
349,726460.5845911597,867621.7950916243
350,728378.9534149898,870880.2627510958
351,728666.0157316859,869002.1637185755
352,726516.4189515389,868495.3401675258
353,727113.9926231181,869443.0078614217
354,729713.7866044134,869436.3437580577
355,729085.1237027867,870885.5618606275
356,728743.4100527219,870875.838744269
357,728171.6774997624,867761.461790797
358,729113.6329948249,868301.5896553373
359,727841.7224010406,871031.8768994852
360,726623.6922388431,870123.2624592715
361,729598.7394042714,870983.3470423473
362,727020.7699903916,869980.9822110974
363,729799.5252870388,870674.4528462547
364,726217.1501874806,870938.8660106931
365,726485.4008086,868977.8875900999
366,726561.3354135181,871082.9966560474
367,726331.6569557068,867711.032789419
368,728868.64110813,870445.7848714313
369,729857.0386356664,869205.7956212836
370,729261.3958480053,868706.529708398
371,726934.2893402994,871063.5129272854
372,726697.537362885,870298.5106588657
373,729883.7255917131,870882.1765148224
374,729652.4572132268,871117.870046896
375,728020.496441496,868863.281108413
376,727326.4843606488,869920.3445839158
377,727959.1502290731,870465.7474255473
378,729378.6966338092,869305.6761627893
379,727188.545845103,869312.8432197949
380,729733.5188119732,868830.1631935015
381,729808.9831249168,869357.4064505543
382,727721.0296092507,870785.8306530209
383,729826.9259051055,868312.3343378203
384,729483.6979159602,869569.1059139961
385,726280.0714366236,867938.941557148
386,727803.9310340064,870248.0495431755
387,727695.2327023816,869924.7915212555
388,728752.8907428143,868489.1659134789
389,727092.5493366917,868357.1597061042
390,727727.0889323526,867896.2843643636
391,729210.8051973488,867594.9048856145
392,726655.6871440634,868673.5702009806
393,726684.9670157537,870791.0141009605
394,726652.4987984347,867520.7115907543
395,728352.805072847,870981.1477963526
396,727704.1086078143,868316.456177905
397,727849.694609363,870554.5877364266
398,729863.7389327034,868896.3699790705
399,727613.5036911689,870222.5088802325
400,728800.3427572435,869556.989553727
401,726715.3529073518,870157.4597438477
402,728906.6417189108,867769.7711933018
403,726875.5608959505,870715.7642553967
404,726650.1195719976,871079.5841261272
405,729826.7932948188,868508.6774622543
406,729434.4557555043,867463.7600321701
407,726350.1040847243,869506.9108619529
408,726581.7936825588,867805.3091109825
409,727655.4931467918,869167.4785733031
410,728739.15280825,870090.9790229364
411,727995.8917005246,871104.7165849535
412,728579.4068254237,869593.9662042055
413,728565.2099555698,870919.0635038817
414,729664.2865296406,867984.2942769952
415,726236.9790471955,868943.4113991929
416,728057.0733715162,867457.6582197248
417,729586.1480875991,869130.8950492785
418,726705.0480386534,869997.7688988533
419,729869.469257116,870964.7093597131
420,726701.1268149582,870884.1150424748
421,728452.4321968814,867699.6108721673
422,729417.04462897,869097.7288134405
423,729095.4640765561,867921.8198698433
424,729144.8902522061,868504.2960671362
425,729739.0212700802,871065.8468062974
426,728064.8067124042,870464.3707999287
427,729573.9961053279,867427.0225927196
428,728270.2468610263,868596.6428747585
429,729816.1204216157,867942.3144664776
430,729748.899155389,869081.4940294232
431,728312.5100282239,871095.1131446313
432,726099.5919650781,870295.4095368896
433,727824.0095065566,868636.4919054552
434,729531.0608119707,868063.3128674605
435,729007.1101708815,869260.0312125606
436,726720.0231909705,868951.5159408246
437,729371.3056043591,869492.1515641531
438,728019.4433123296,869656.5337562959
439,726420.5389227727,868152.2411110903
440,728938.5798503053,869849.2291030845
441,729302.3070067555,870661.6303553163
442,728166.7390503575,870558.094978088
443,726221.6237195851,869256.6014079062
444,726668.7038084144,868878.904682343
445,728759.6184234193,867479.141446132
446,729821.5432852097,870135.2011921266
447,726590.756882069,869357.082484621
448,726383.5899604887,871177.3100966001
449,726305.914855281,868883.1263885018
450,726922.3874518385,869437.6045523889
451,728523.7452860401,868202.5581102626
452,729655.1313628401,869989.2943134564
453,727853.1843226606,868381.8201027259
454,726739.7438577617,870608.0216433897
455,729535.0791279834,867624.6756422583
456,727847.5945746683,869649.4201778381
457,727256.8012645689,870050.1702212273
458,726538.5001582674,870977.41786437
459,729376.1708463602,868068.9838360603
460,727970.4644289605,869865.3767190791
461,727210.1648578321,870475.0262619013
462,727764.7474516021,869564.8824162043
463,728752.5661638451,870321.3260076472
464,727609.7225521463,871052.831035858
465,726193.9101608119,870409.7961118286
466,727119.8321297083,870530.6866573747
467,729191.7897383941,870998.3569999286
468,726338.4651067124,870849.3980466044
469,727852.3348990752,869270.522512923
470,729401.8448553816,868449.608715283
471,726607.6386952235,870257.8645079283
472,729727.3173798746,869528.3506011163
473,729915.3528120754,868323.0669517756
474,728006.4139741644,870321.0385730993
475,729578.1782750732,870792.7147763232
476,728954.2035373463,868460.7244342375
477,728566.4519283056,870161.2323650874
478,727317.9928855589,870762.3154570872
479,728167.9543573435,867630.8942265345
480,729791.3458082188,869586.0698099779
481,727661.2853194638,870719.3224922457
482,727983.9426930667,870016.6931323452
483,729591.7703740336,868903.9091197702
484,727781.1235111579,870095.6561411752
485,726399.4926650244,868712.3756668812
486,729665.0369474088,870312.5834276268
487,729620.1884014431,867818.8167634921
488,727571.0950547028,870951.705127301
489,729799.3882061383,869043.3736551325
490,728428.8775402363,870104.5106659286
491,727490.9893281735,867629.41625656
492,726346.251811494,868042.6683919005
493,727176.6733088652,869855.08848796
494,726805.118723823,870509.9343227609
495,728038.1933821879,870160.4610186073
496,727734.7141056015,870493.4847246839
497,727882.5668514431,869836.2605538247
498,729096.0745171335,867471.7662866928
499,726180.1463506395,870226.2474165692
500,727378.4490070536,870015.5188262687
501,727977.5819162448,871028.9692834694
502,727997.3296392184,870608.6996011008
503,728080.5827715562,869711.7875267531
504,727214.2521684467,869508.7028750669
505,728615.9458410644,870763.5051384367
506,728778.7506596087,868123.0120603039
507,729606.3408335058,870201.6768336294
508,726399.8434936987,869303.453177583
509,728955.9189371379,867611.0574363776
510,729844.5575820673,868417.2357758688
511,728148.3895753269,868185.1255620512
512,727388.6677326799,870183.751478048
513,728767.0852256658,867707.1940871209
514,729596.0399642203,868292.2534152744
515,728031.1879858854,868748.3977826415
516,727738.4763929218,870908.140213908
517,728699.3091075603,868620.562636351
518,728846.8761834586,870658.0710048173
519,729095.1130157723,868455.3390613854
520,726263.0246296743,871009.1626701283
521,728434.9606013563,867413.8370953134
522,726558.3024336472,868003.9677959785
523,728047.3731925575,871169.7365409086
524,729271.5260774175,870891.9457259101
525,727452.6461208507,868468.1965846543
526,728484.3001576475,869118.887543654
527,726292.5177905877,870935.9322868839
528,726596.5327115618,867922.1577261436
529,727126.8558545919,869156.7685194261
530,727761.6947376899,868001.7181290617
531,726974.9432862015,870136.4017304914
532,727096.6363136687,870028.1740948828
533,728168.5115393836,868293.983658024
534,728505.6145703607,869821.5290692417
535,729267.7932631182,868123.3965630643
536,726203.7171440934,869427.6791034413
537,726169.1954631465,871026.6938394927
538,728501.2913562164,871066.8666411312
539,729113.300468323,871025.1605761743
540,726831.1570276868,871069.4031920399
541,728953.6169776923,867815.6098682237
542,727463.0309725261,867704.2766671635
543,727108.1640467332,870312.0919816587
544,729507.1720736178,870038.5293300336
545,728567.8052302729,868095.5677844647
546,728854.186547086,867486.1277558333
547,728562.0379695613,870251.1218185641
548,728077.7571753775,869331.8825082702
549,727849.6207406289,868929.8547094954
550,728493.8386923006,870768.6472840048
551,727124.0647625923,870988.1779983194
552,729724.0601244536,869790.0758616759
553,726532.4621467412,870854.2939225859
554,726490.3983773321,869725.8422629164
555,729569.9900791682,869850.5102164033
556,729781.5765578783,870210.6618872205
557,729622.665785546,870051.3055232723
558,728156.8184321317,869501.184926083
559,727688.757215722,869989.7211887119
560,726562.3380434794,867557.6337090873
561,727281.2060392692,869243.1833147632
562,729574.6422963311,869009.9943186557
563,728656.2997692438,870259.6642723373
564,726614.675195657,868816.7172286313
565,729722.8329725865,870080.6964924125
566,729147.2645994811,868601.135168847
567,728928.5179590898,868686.7195533897
568,726638.4575869119,870399.2900161925
569,726897.5349622681,870937.7725789375
570,726713.2085320596,868493.0682483295
571,727343.3165215504,867883.5273452628
572,728199.842296852,868065.0224194181
573,728070.544289328,868309.8548920702
574,726336.4263403384,868592.946073547
575,728954.235521224,871087.1395564324
576,729052.699560806,871079.2317562161
577,729686.0856627453,870789.5287300711
578,726347.8299320685,867952.1229012404
579,726503.8515129788,867836.5783382981
580,729763.685946335,868109.8624180903
581,729392.2338759515,871207.5170310523
582,726250.6964261932,869600.429682829
583,729400.290785461,868664.4816238717
584,729226.3452301659,868038.0254143879
585,728211.0275534496,869542.9067132708
586,729860.8490517078,868141.4889080276
587,729051.7238061256,868683.552936834
588,727975.0225435109,869565.4470267508
589,726919.1202708707,869629.6176569484
590,728076.513659513,870303.1709037664
591,726771.9389174745,870272.0063801124
592,727570.9011354863,868051.603388802
593,729791.5093000629,869223.103225778
594,727121.0751489704,869383.8296211772
595,728919.437415914,869325.6763590048
596,727870.4275447861,868848.6813836726
597,727877.4857149333,869970.7515629556
598,729578.708348046,867895.0804554202
599,728468.4607724188,869334.6625664064
600,729824.0734351752,867683.4473617243
601,729706.5813492115,867756.0786362069
602,729596.7368502374,868196.0632747888
603,726720.2925384112,870362.1786174738
604,727229.6303205678,869190.0070185065
605,728393.0619326807,868034.0872178779
606,728930.0011772157,867422.0937688162
607,728466.9737711403,868467.49243875
608,727752.7721463452,868148.0902124105
609,728355.8592189425,870226.5008586643
610,728855.2180987915,870380.4198111224
611,727201.0324526376,870130.2641858622
612,728161.846937248,870779.5872747998
613,728885.8403231341,867618.1753056885
614,727570.159830282,868115.1958375748
615,727913.0699124689,871150.7646688443
616,728436.7372647827,870290.3151433314
617,726202.9031874165,868536.6371130978
618,726545.5213620052,869433.8468591053
619,727605.1534498987,868557.2574216218
620,728730.5189023837,869251.6665215349
621,729537.7969093116,869620.1648807541
622,727814.015520115,868763.5795980366
623,728257.4689021097,869373.2260103505
624,726922.139881508,867572.606370705
625,728860.0325082869,870259.1601406803
626,727128.2105394127,870637.5518045
627,727563.5042175583,870766.2377332725
628,728932.780725799,871014.6532172206
629,727877.0011364822,869441.6142510904
630,729127.8480088105,868164.6760250941
631,729422.4366587261,867981.36524902
632,727894.3539589705,870381.0935481742
633,727619.4969325268,868996.9714636301
634,726323.4327053988,868815.8906103383
635,727950.8223370006,870855.3045358337
636,729398.4970392777,869432.67465772
637,729284.9812534382,869379.1907648465
638,728026.4361849909,869030.2977538698
639,726543.6301768781,870208.6427725703
640,726176.086823039,869143.2997572044
641,729712.1347512419,869016.6834526774
642,728037.5098955822,869842.3026186661
643,726530.483787795,869609.049284672
644,728656.4607801125,869622.8637194738
645,727760.6808660594,869064.2866700853
646,726726.6317009004,869938.1336006238
647,727178.0234125227,869630.0425862634
648,728309.0162896075,868151.1851481987
649,728450.1289276289,870875.2751853471
650,726699.24267309,868836.0382040219
651,727288.1333878916,868478.8995717164
652,727644.9432245585,869503.9518509624
653,729801.5590711767,870774.8362385458
654,729593.036122793,867512.8657153638
655,728377.2012230011,870396.3857012463
656,729796.5703593807,867556.0880432957
657,726255.6319898061,870354.7448463367
658,728070.1802610178,871043.9128477055
659,729261.6485832543,871062.5792064663
660,729175.6078066526,867469.8789546033
661,728600.5958387463,870816.7922777751
662,726255.0032919234,870445.1693139957
663,726390.3830853485,867867.1628170336
664,726773.3984539356,870096.5892205873
665,726108.0261935045,869552.3912848004
666,729367.9424081503,869787.385698665
667,729790.9113349835,870269.4783615391
668,726921.1355674446,870804.3339609774
669,728372.2863703946,867901.0812587973
670,727774.912931007,869146.039224087
671,728556.894768713,867543.6184427125
672,727855.3731055579,870451.6399143453
673,726328.4281160276,870746.8271644334
674,726729.0415427282,867816.2380286895
675,729223.574802177,869657.5272343783
676,727602.4559017183,869839.3682884141
677,726579.1808260625,870048.8712635904
678,726461.5047976605,867939.4953650011
679,728844.5747168515,869608.6319006591
680,726308.4362186635,869542.1716317149
681,729771.6959337922,868526.413108842
682,728743.9647395452,868424.757785772
683,728795.6408999463,870174.9111395006
684,728130.7518771283,871124.7450528257
685,729456.0209992873,870113.5218145243
686,728128.4562213657,869413.4967505137
687,727669.3251535732,870857.2275814825
688,727619.2186447417,869336.691977158
689,726747.938589602,868722.0003118374
690,729248.6608644451,868419.1486515458
691,729372.2982732835,867575.6667359946
692,727564.1014879252,870144.6843736882
693,729712.8848862295,868354.3326958802
694,726850.8821477862,868761.9492619481
695,729260.8113183237,868194.1514979249
696,726826.9324003486,870922.9241900262
697,728739.166868223,869757.5645791788
698,728708.6940754442,870927.3204066611
699,729651.787214765,868440.415233847
700,729304.9807421637,868939.7140304719
701,726425.9009270071,870344.1723701223
702,729478.5349871344,869663.5466833372
703,727258.2050672394,869297.1973757898
704,729310.8241756591,868626.6228862284
705,728142.7271681011,868339.4072517873
706,729841.5508585233,870712.8174294189
707,729413.4848928433,869024.8243181442
708,726384.7193513025,869598.9102690562
709,729136.3560888082,868938.7756295365
710,729505.3619126738,867847.8071322037
711,728722.1621246756,870795.8060074667
712,729201.4138467181,868725.0912973236
713,728296.1751958323,869147.3595410313
714,729870.1425755677,869064.3386596345
715,727646.8964752746,870093.637586873
716,727505.9106204003,870269.3886326817
717,728272.6811189423,869628.7583401075
718,729302.9283395442,869044.9571404641
719,729758.564568324,867608.8139521714
720,727809.0715143215,869713.6121401314
721,728298.0186699063,867695.4951033362
722,728479.9024772157,870929.7554000501
723,726189.105663897,870495.5357599813
724,727501.1795249329,869099.7615305858
725,726486.8516983199,870998.8905907953
726,728960.6408123035,871141.3719095034
727,729873.8958173698,870312.644688732
728,728987.9035925101,870922.0462990452
729,728626.5687772987,869162.0343370793
730,729744.9184656317,869996.3359080318
731,727752.3578202422,868629.0231783347
732,726971.1217374664,869737.3771832092
733,727787.980585437,870613.5160754028
734,729493.664290154,869513.54268348
735,728579.4122259923,869099.1868745651
736,729595.1495688889,870685.079778655
737,729568.9741679096,869075.3522076888
738,728666.9169461711,870715.2562124253
739,726752.7932458334,868925.6177731628
740,728526.5742311206,870971.2757452402
741,728079.1454458794,869510.2958855246
742,729278.7765654289,869222.4538166993
743,729644.7049295319,868520.0163410768
744,727809.3254290173,869234.5440476827
745,729195.1438466944,870936.7631925025
746,729326.3509097543,867688.9004043159
747,729528.0358972594,870616.0658212907
748,729672.7321989436,869198.0639373562
749,728146.0222286192,869584.5702344498
750,726781.0631803944,870180.2630191206
751,728839.05043225,869053.8958302074
752,728289.8835862458,868443.27713256
753,727477.3967129958,870127.0653690882
754,727789.7502192375,871020.5598162888
755,729756.7919874517,870881.9474986466
756,728838.2298101253,867812.2180688512
757,728742.0141669384,869043.0448222213
758,727263.7709613654,870995.2689750029
759,727785.8206113083,869971.3852189208
760,728265.0221270551,868180.6910230559
761,729909.0829695137,870800.4803154848
762,728764.0037843751,869612.3554403386
763,729702.3781723073,869107.1920777113
764,728021.6543549113,869143.8491152633
765,727308.6037589324,868745.4896254978
766,726833.3918539918,867946.2470160297
767,729795.819514653,868436.9324242666
768,726510.5081498295,868814.7406400065
769,729335.2745099484,868024.874177372
770,727350.9534589342,870947.4290961719
771,727665.9052881384,870163.6221218181
772,729757.689809728,869151.1603193643
773,727051.6202208588,869492.7565313858
774,729889.0066409045,869267.1949728439
775,727570.8286294463,870092.3013424939
776,727679.4066775031,871046.0970155612
777,727017.5963964157,869596.7226597929
778,729324.6456409041,870269.3806724921
779,726646.8587395241,870335.4239359515
780,726687.0744546549,869865.4978395597
781,726804.9605042404,867656.7748658425
782,726130.7701140404,870100.2950965607
783,726310.1423653299,867894.255488403
784,727914.2883556226,871006.0651596417
785,727244.2679746343,869412.2716952609
786,727341.7933472137,868430.1984707131
787,728710.5396237776,869676.3505981679
788,727635.9902214594,870953.8680836959
789,728399.2724527025,868243.1506999431
790,728827.9657200101,868338.5308762484
791,727266.8777980935,870224.3646270406
792,729894.5015299425,870637.3707259523
793,727512.0497205013,870941.9883916329
794,727881.4170203428,869654.4270238986
795,727267.9167381857,870644.6427811836
796,726306.4276338428,869496.8124107007
797,727087.3103845611,870862.4376499716
798,727638.5803873311,869648.0423899067
799,729882.2474349265,869493.7338598467
800,728087.4619218804,870988.313501081
801,726887.1396332777,870347.8522748546
802,726511.7558946752,869467.493589012
803,726469.2915310006,870940.8222771613
804,729573.8144192148,870124.6432987008
805,728695.1532231064,870231.6326380147
806,729035.5175808688,868081.4331376592
807,729470.5035487284,869201.2411823942
808,727484.0966680084,870606.5068105051
809,727767.9411560234,870038.4976285552
810,726890.8979244934,870008.2741886434
811,729173.0444819609,868114.1421611918
812,729091.0450226052,871110.1549882893
813,729036.6646152949,868623.69911755
814,727367.0246952808,870846.3823740283
815,728029.5188306664,870985.2792926657
816,727355.3581063568,870676.0227361999
817,729837.4392115972,870936.6766683357
818,727025.0723631843,868612.5222830478
819,729735.7855789971,870035.5634644384
820,727101.9708675465,868434.7518428884
821,729457.5500635257,867512.0545106144
822,729877.9923489455,868297.8868404853
823,727454.2817813106,868006.604655809
824,726349.0968442896,869472.300232348
825,726209.2288296128,870276.6170268869
826,729260.3842670834,867563.9833734047
827,729102.2545188145,867746.7875994293
828,728667.9642292141,867618.1447598257
829,728760.3357294053,870977.8867360199
830,729409.9906842324,868752.2650143217
831,727906.9600080687,869763.5984539317
832,729301.5734897994,868839.5396619671
833,728706.7996845852,869795.1525581597
834,729032.4801472817,867965.5078967514
835,728205.5222402808,868218.622026561
836,729774.1667560433,868191.4102884575
837,727671.1934306546,869950.7348121699
838,727126.7896674467,869491.983367
839,726933.8355021761,868362.9820395878
840,726483.6820594679,867798.6487609284
841,727692.1161244411,869564.2523935107
842,729429.0237942016,869468.2807132461
843,729167.8918036431,868338.2267710549
844,727815.945947533,869857.7502663065
845,729790.1290122891,867493.259894287
846,729204.6994388256,868824.1535679472
847,728543.4336104713,870678.6849271789
848,729451.9393594126,869345.6018830935
849,729763.1684837885,868205.2815749971
850,728242.9553758976,867593.7435350885
851,726659.6208991632,870457.0001266187
852,726894.1713691559,870575.2178498438
853,728210.7401315562,871017.8961634255
854,727459.9276715387,870868.7097362105
855,727023.1230045599,870125.0244322761
856,728030.1134267617,870782.8924047858
857,726285.1862952522,870890.2981921039
858,729868.8055760168,870167.4266588251
859,729869.4368074697,868503.226773977
860,726226.5646369543,868801.5279304287
861,729246.6120458932,867399.8769686176
862,728718.5571386754,869149.7501657739
863,728810.8648285876,867599.4812019668
864,728968.1265329755,867549.4293798129
865,728022.1276261996,868203.0770972136
866,728422.1617184781,870155.8983878688
867,729404.4588871526,867614.3997360258
868,729144.0224907572,868422.2867883523
869,729926.9939294063,868949.7504365683
870,729241.0342510359,867666.698669589
871,726278.3566393994,871050.1490214614
872,729259.0439057946,868273.639415823
873,726563.3011469034,869326.0158895053
874,729786.1634378774,868020.8589963538
875,727958.9813458624,869205.9121870652
876,729229.5087667194,868502.2843432996
877,728563.4917546633,868436.5171494375
878,726431.3738644327,871163.0155658312
879,726592.7145580202,869988.4603643242
880,726621.1724271812,870197.453608662
881,727026.2311706014,869162.5479597525
882,728430.6228315239,871144.1427442454
883,727422.7787081712,868340.208763774
884,726575.744532368,870920.7586116402
885,727858.4677133949,871137.5951798316
886,727796.0395042727,870500.6355485052
887,728689.1296169182,869848.4857324306
888,729814.4230565384,871006.3015626906
889,727857.8153308837,868582.4189456316
890,727940.2589082129,869322.978155606
891,727347.8037861336,867982.8135302975
892,728695.1305979555,867774.7967342937
893,728682.1330740401,868378.1265627855
894,729785.9533962959,868951.5407326964
895,729612.8619865113,868235.0883843878
896,726557.1639088357,870148.231873304
897,727253.2970157918,870424.6347986
898,728040.9430554241,868905.8775192887
899,729183.4569741321,870753.2693284876
900,728529.0750882861,868310.0878507143
901,727348.3121131348,868313.2002387763
902,727212.398027228,870016.4992069096
903,729740.4750017107,867885.2584863484
904,728549.7325040323,869828.5647602719
905,727154.792488862,870101.6049921508
906,729801.0506154491,868285.4987843856
907,729601.7929219827,869783.3741890175
908,729091.0769837297,867605.747437829
909,728615.7307614522,868419.2169893356
910,728701.6196007251,870408.1742605437
911,727046.5902244304,869320.4985965975
912,727480.8351053187,870186.9488975788
913,727355.7302831776,870618.3202029214
914,729715.41050395,867551.6472330587
915,728848.8482394171,868278.4546550028
916,726384.1003716354,869379.138490392
917,727899.0414623356,871061.1126469327
918,727736.7231054305,871046.7696275045
919,728569.074044738,867724.4002520513
920,729560.3095452074,867460.9543652108
921,728174.6392216436,870449.7069322921
922,729332.346430377,867478.035037496
923,729574.5995426679,869476.7699638649
924,729642.475707307,867778.8728977859
925,727855.6981260614,870379.6496564653
926,727041.8275244405,869440.9146150973
927,729737.7989080756,868238.3827037181
928,727961.3569991519,868260.3821388696
929,729153.59610769,868055.3243762744
930,727855.9626413707,870928.0778967214
931,727383.4963720501,869927.6763620649
932,727345.5805590731,870142.0871205513
933,727931.5340092407,869957.38242402
934,728730.1572782771,868375.6081805371
935,728554.6413816513,871155.5502664833
936,727831.4714738636,869521.019781972
937,729850.11195515,867760.7815963642
938,729799.244668593,868602.7301794033
939,727829.4637446189,867858.182881262
940,729300.3486606425,867973.095390427
941,727743.2898632671,870566.6781260221
942,728776.5996987617,868048.1838220019
943,729375.5880355587,870203.8489257792
944,728944.4650787598,870794.0402941168
945,729883.4712496777,868074.6760713843
946,727366.187439666,870398.2166893932
947,728413.9941693395,867562.2820005713
948,728587.7850948479,870185.1217808794
949,728614.359817073,867637.0372542149
950,729561.842523189,867712.3174186181
951,729010.2771082781,867777.9645853607
952,729401.9719879621,868112.0203382876
953,729663.2165419968,868242.4328918395
954,726265.3693224195,869436.194452102
955,729841.4924215723,868231.2621014911
956,729385.9053277851,869064.4470608388
957,727174.9020072259,869950.7590405453
958,728474.8780086036,868635.0219071067
959,729191.6312213633,868273.7007097474
960,728580.9429037435,869655.7580918045
961,727155.2315256745,870349.0587381378
962,728044.4745280128,869262.6996903163
963,727520.7400733954,869783.0465117965
964,727716.0353334721,869056.5946431833
965,726999.56606826,869926.872330677
966,729403.7226391967,868959.4660263493
967,729490.6401925659,867997.0952806142
968,729667.0052421434,869441.2738513502
969,727616.8232932247,870657.7368858709
970,727636.5870879854,870579.3428615411
971,728636.1812211417,870174.4498209716
972,728283.3943915465,869441.6415781033
973,727601.8299564825,868101.754899427
974,728176.0536020213,871127.1869739328
975,727477.0098491907,870778.7280797956
976,729652.2486544773,869601.3114382145
977,727837.1962781907,869033.4844652199
978,727913.6762904505,869839.7159843129
979,729548.7851859471,868978.3554487792
980,727091.9925247586,870682.8562704932
981,726939.7186287255,870624.1431575777
982,728236.8884736989,870917.0111181687
983,728645.5003141741,870815.8455182028
