x,y,z
3976.375829297037,3663.5698062383526,1.2
8582.70041144997,3753.1896321795375,1.2
8884.21931370055,6172.859965382545,1.2
6354.477312926932,8394.962479115142,1.2
1214.7566050092105,1166.4245454568331,1.2
8818.571215970034,8758.960224299786,1.2
6347.554714447432,5281.086007884233,1.2
3855.5274275576144,8920.678895767594,1.2
3907.9757013512826,1142.4484254260071,1.2
6443.681282471592,1600.0766378083908,1.2
1256.3757601519026,6294.184148682179,1.2
3766.057914501244,6391.190902975005,1.2
1113.1998030289822,8861.020848888931,1.2
1242.9909772716244,3689.0887902833647,1.2
8850.450427238706,1172.9925918131505,1.2
8891.71192028034,1161.755219244404,1.2
1224.4015089153231,1176.1230048092757,1.2
8559.332800728394,3657.090635103532,1.2
1283.4528515196514,6277.584087216606,1.2
6440.625768163839,8350.83429524297,1.2
6396.832500863197,5148.550292308657,1.2
6460.528305982449,1615.561056433535,1.2
1184.4631345453786,3692.8121381139854,1.2
3878.6864470130777,3724.114757269134,1.2
8841.233611600477,8737.912304628506,1.2
3890.851139094987,8942.58806805355,1.2
3891.900109179532,6395.339831007238,1.2
1127.907020329135,8858.52125406159,1.2
8841.314694573908,6072.80006608122,1.2
3958.984943476101,1158.5153968611985,1.2
3493.8862575497865,3718.9919312652673,1.2
1072.4872821408878,3721.722754989381,1.2
6594.773796481789,1182.1008324004438,1.2
6070.8579342660805,3533.9719636473146,1.2
1227.1311248488837,1142.887695520507,1.2
3849.222282093735,1151.1540783926498,1.2
3767.700415019937,8921.0423343062,1.2
8831.078978093163,6065.50149387394,1.2
8871.10008993468,8706.65338794222,1.2
6477.379363686282,8738.480335767306,1.2
8951.668293237371,1180.1383233556169,1.2
8758.634575076187,3749.9868792259344,1.2
1124.792668109803,8879.761752946064,1.2
6317.365920722575,6246.669131560083,1.2
1201.2667782281276,6354.780801313149,1.2
3733.502819515956,6288.356473900622,1.2
3656.372715194488,3666.3276899363527,1.2
3687.454118737012,6271.724672063674,1.2
3807.631424047396,1158.2377080125875,1.2
6215.8330479752685,3611.5028219520855,1.2
8672.201349641402,3651.7568223318303,1.2
1110.968213405004,3789.658791319759,1.2
1128.779433750133,8927.23561626034,1.2
8906.600220808044,8714.359131024865,1.2
1172.059831888913,6344.106660785,1.2
6521.662081185803,1171.3437588300192,1.2
8863.167182615349,6006.782321495646,1.2
6492.18854302655,8808.17287407799,1.2
3778.385211830512,8926.943354249432,1.2
1196.2547014186011,1143.641041561635,1.2
6301.032970439951,6372.26930737973,1.2
8922.753785968554,1151.2455590290406,1.2
6365.316273907751,8719.414471365088,1.2
1178.4785472833746,1233.8348161866886,1.2
1250.4206988998571,6302.711809056431,1.2
3656.2397728483775,1343.966116716308,1.2
1367.4591127341394,3800.914076717109,1.2
8828.319425582227,5833.288027297869,1.2
6464.056736428238,1228.436993149262,1.2
3684.757813096194,8845.424474362278,1.2
3735.1652080981,5965.048358059374,1.2
8900.162093194913,8730.027169127357,1.2
1124.6656228362096,8887.6437604176,1.2
8223.672475945148,3563.7111453438624,1.2
4969.92280557005,3504.5599944431087,1.2
8869.721691905735,1193.8399235474842,1.2
6301.283214823321,6199.243628906833,1.2
1105.9394471889088,8864.300377624812,1.2
3739.874859819217,5923.554528757848,1.2
8800.262283721499,5950.266675550068,1.2
6501.029694938728,1180.6513614331216,1.2
1275.8090879473689,6267.862175039947,1.2
3622.348712375583,1383.3476996632037,1.2
1204.126618701884,1232.2659238359877,1.2
6216.850419029573,6317.804098696954,1.2
6317.806269386851,8803.933043681938,1.2
1429.3787583590552,3785.457443438281,1.2
8887.004170823375,1201.0901125595597,1.2
3544.875230301843,8853.60268184087,1.2
8258.722351805076,3585.774053453158,1.2
5121.846897172331,3499.3129924761747,1.2
8912.509356440794,8780.180765759364,1.2
1430.4088906917157,6282.392488843528,1.2
6243.436815652654,4993.35975722376,1.2
1250.3055909081104,1190.4639558448068,1.2
3845.670241279612,1264.9994422857933,1.2
6337.806628096396,8556.90889234066,1.2
1177.6247182938753,3771.871350834556,1.2
6473.402124387306,1419.2631359490274,1.2
4178.514729108117,6456.019804481,1.2
8727.472351954477,6118.549685345771,1.2
8821.84806753442,1125.196241681064,1.2
1119.4970781504094,8841.899769934225,1.2
3614.156751619574,8962.246176064007,1.2
8852.682905237622,8823.705563995183,1.2
8539.375298473049,3603.533470936157,1.2
3929.283149889736,3672.294829144646,1.2
4462.140779178033,6504.803602191578,1.2
6331.774418289823,8541.0008376844,1.2
8855.752003818001,8821.034915505294,1.2
6469.354901498103,1387.054675899292,1.2
3673.859307721896,3699.425737892954,1.2
1544.527355889035,6336.370689201742,1.2
8628.934271400081,6204.636804167893,1.2
3823.337112054774,1296.2452532649845,1.2
1093.8986548837088,3900.9784923527473,1.2
6162.460246920642,4420.372303694093,1.2
8830.672131202287,1120.4406129375568,1.2
1230.309055552075,1263.348726514632,1.2
1110.5614749819613,8882.061286614871,1.2
8684.313810936424,3667.9874186278826,1.2
3584.4992800487685,8965.902733130402,1.2
3515.796811683216,8913.893272674017,1.2
3745.107805974073,3772.897672340431,1.2
6233.398014915724,4308.634907830826,1.2
1098.782082680728,8854.592399052377,1.2
1088.719769770673,3839.216431991962,1.2
4573.423491882119,6539.218609469002,1.2
8808.876066851923,1137.560310422412,1.2
8608.768964597915,6220.445026843062,1.2
6318.546684257898,8603.074524489495,1.2
1223.6660939194187,1248.2118847932018,1.2
8845.07607276271,8831.213984124812,1.2
1631.3026137417507,6272.3662076963465,1.2
6443.401131509591,1343.5058558919068,1.2
8683.113154588798,3713.237654961537,1.2
3833.7083993589767,1299.6553809822954,1.2
1447.6517791501592,6309.126718394973,1.2
8870.27335281746,1070.7138808856837,1.2
8769.02747915635,6010.5095841138,1.2
6192.855141289371,3752.696279975272,1.2
6286.282593995388,6690.855571246934,1.2
1151.0756944865436,1242.8879805854417,1.2
3514.74789975596,8872.483222397266,1.2
1027.340694898474,3800.79740620212,1.2
6267.07977205007,8908.22780935534,1.2
8719.860528375611,3526.855464231511,1.2
3682.6131105039926,1199.6448929082874,1.2
4096.514368170339,6199.230423402067,1.2
1114.0917254509066,8860.257582910577,1.2
6452.642858287049,1192.455286469997,1.2
8867.97149284115,8812.529239048597,1.2
3578.4871415229954,3500.4429184864725,1.2
